"id","slug","title","chapo","description","body","location","latitude","longitude","source_name","source_url","image_url","created_at","updated_at"
"1","caseus-nancy","CASEUS â€” CrÃ¨merie-fromagerie (Nancy)","BÃ©nÃ©dicte, ex-finance Ã  Paris, ouvre une fromagerie en Vieille-Ville pour remettre du goÃ»t, du local et du lien au cÅ“ur du quotidien.","SÃ©lection courte, producteurs suivis, conseil Ã  la coupe et plateaux sur mesure.","### ğŸŒ¿ Le projet
CASEUS, câ€™est un comptoir de fromages pensÃ© comme une petite boussole du quotidien. Pas dâ€™Ã©tagÃ¨res qui dÃ©bordent ni de promesses floues : une sÃ©lection courte tenue avec soin, des producteurs suivis dans le temps, des explications simples pour aider chacun Ã  choisir selon lâ€™instant. On y vient pour un comtÃ© bien affinÃ©, un chÃ¨vre encore tendre, une tomme qui raconte son alpage â€” et on repart avec une histoire Ã  table. Lâ€™idÃ©e nâ€™est pas de tout avoir, mais de bien tenir ce quâ€™on propose : rÃ©gularitÃ©, fraÃ®cheur, justesse des prix, petites trouvailles de saison.

### ğŸš¶â€â™€ï¸ Parcours avant lâ€™ouverture
AprÃ¨s des annÃ©es dans la finance, BÃ©nÃ©dicte voulait un mÃ©tier oÃ¹ lâ€™on regarde les gens dans les yeux. Formation aux gestes de cave, visites dâ€™affineurs, patience des fromages qui vivent. Listes, essais, plateaux tests chez des voisins, ajustements. Et surtout, pratique du conseil : Ã©couter, proposer une dÃ©couverte, donner un accord pain/confiture, expliquer dâ€™oÃ¹ vient tel parfum.

### ğŸ§€ La vie du lieu
Ã€ CASEUS, on peut demander Â« un fromage qui plaÃ®t Ã  tout le monde Â», Â« quelque chose de plus caractÃ¨re Â», Â« un plateau pour six sans se ruiner Â». Le samedi, la file avance au rythme des Ã©changes : un peu de pÃ©dagogie et beaucoup de bienveillance. Plateaux prÃªts pour les apÃ©ros, Ã©tiquettes et mini-fiches pour glisser deux mots au moment de servir. Le commerce devient un point dâ€™appui gourmand en Vieille-Ville.

### ğŸ’¡ Pourquoi câ€™est inspirant
- Une reconversion incarnÃ©e qui valorise des fermes et des gestes
- Le conseil comme vraie diffÃ©rence, au-delÃ  du produit
- Le choix du peu mais bien, gage de confiance et de fidÃ©litÃ©

â€”
ğŸ“ Adresse : 21 Grande Rue, 54000 Nancy
ğŸ“¸ CrÃ©dit photo : CASEUS
ğŸ“° Source : Site officiel
","21 Grande Rue, 54000 Nancy","48.693","6.183","Site officiel","https://caseus-nancy.fr/","https://caseus-nancy.fr/ims25/enseigne.png","2025-09-29T01:25:38Z","2025-10-21T06:39:15Z"
"2","laiterie-de-nancy","La Laiterie de Nancy (Nancy)","Matthieu quitte le salariat pour crÃ©er une laiterie urbaine visible depuis la rue : yaourts, fromages frais et transparence totale.","Atelier vitrÃ©, lait de foin rÃ©munÃ©rÃ© au juste prix, pÃ©dagogie du goÃ»t.","### ğŸŒ¿ Le projet
La Laiterie de Nancy a quelque chose dâ€™enfantin et de moderne Ã  la fois : on voit travailler, on comprend ce quâ€™on mange. Dans lâ€™atelier vitrÃ©, on fabrique des yaourts, des fromages frais, des desserts lactÃ©s avec un lait de foin payÃ© correctement aux Ã©leveurs. Recettes courtes, gestes prÃ©cis, hygiÃ¨ne millimÃ©trÃ©e. Sur lâ€™ardoise, Matthieu note la tempÃ©rature, les temps, les ingrÃ©dients. Moins de poudre et de promesses ; plus de lait, plus de maÃ®trise.

### ğŸš¶â€â™‚ï¸ Parcours avant lâ€™ouverture
Rien nâ€™a Ã©tÃ© improvisÃ© : formations en micro-transformation, visites dâ€™ateliers, calcul des dÃ©perditions et des cadences, chaÃ®ne du froid. Un planning serrÃ© pour produire juste Ã  temps, sans stock inutile. Et un ton clair : parler simplement de ce qui est compliquÃ©, avec lâ€™humilitÃ© du fabricant.

### ğŸ¥› La vie du lieu
On passe Â« voir si câ€™est sorti Â», on revient chercher Â« ceux dâ€™hier, ils Ã©taient incroyables Â». Les enfants collent leur nez Ã  la vitre, posent mille questions. Les Ã©coles visitent ; on goÃ»te, on sent, on apprend. Les habitants suivent les saisons et les essais. Peu Ã  peu, la laiterie devient une Ã©vidence : le frais a un visage, une adresse, un prÃ©nom.

### ğŸ’¡ Pourquoi câ€™est inspirant
- Transparence tenue dans la durÃ©e
- Produits ultra-frais qui racontent une filiÃ¨re locale
- PÃ©dagogie douce qui redonne du sens Ã  lâ€™alimentation

â€”
ğŸ“ Adresse : 6 Rue Saint-Nicolas, 54000 Nancy
ğŸ“¸ CrÃ©dit photo : Laiterie de Nancy
ğŸ“° Source : Article PDF
","6 Rue Saint-Nicolas, 54000 Nancy","48.689","6.187","Article PDF","/stories/articles/laiterie-urbaine.pdf","https://static.wixstatic.com/media/9f3674e120564679859a204316cae6a8.jpg/v1/fill/w_250,h_166,al_c,q_90/9f3674e120564679859a204316cae6a8.jpg","2025-09-29T01:25:38Z","2025-10-21T06:39:15Z"
"3","seventheen-coffee-luneville","SeventhÃ©en Coffee â€” Coffee-shop Ã  LunÃ©ville","Ã€ deux pas du chÃ¢teau, Jessie Leclercq redonne vie Ã  la rue de la RÃ©publique avec un coffee-shop fait-maison, des soirÃ©es conviviales et un sens de lâ€™accueil qui crÃ©e du lien.","","### ğŸŒ¿ Le projet
VoilÃ  un peu plus dâ€™un an que le SeventhÃ©en Coffee a ouvert ses portes, Ã  deux pas du chÃ¢teau de LunÃ©ville. Ã€ lâ€™origine du lieu : Jessie Leclercq, 36 ans. AprÃ¨s deux reconversions, elle choisit dâ€™ouvrir son propre commerce dans le centre ancien avec lâ€™envie de proposer un endroit simple, chaleureux, accessible â€” un lieu oÃ¹ lâ€™on vient pour un cafÃ©, mais surtout pour se sentir bien.

DÃ¨s le dÃ©part, lâ€™Ã©tablissement sert des boissons chaudes, des gourmandises et quelques apÃ©ritifs. Depuis le dÃ©but de lâ€™annÃ©e, la carte sâ€™est enrichie de salades composÃ©es pour rÃ©pondre aux habitudes du midi. La cellule commerciale du 57 rue de la RÃ©publique, restÃ©e sans locataire pendant plusieurs annÃ©es, a retrouvÃ© une belle vitalitÃ©. Avec son mari boulanger, Jessie conÃ§oit des produits faits maison et soignÃ©s, en privilÃ©giant le frais et la rÃ©gularitÃ©.

### ğŸš¶â€â™€ï¸ Parcours avant lâ€™ouverture
Le chemin vers lâ€™entrepreneuriat nâ€™est pas une ligne droite. Jessie a dâ€™abord travaillÃ© dix annÃ©es comme coiffeuse, puis cinq ans comme aide-soignante, avant un passage dans la vente en boulangerie. Autant dâ€™expÃ©riences qui lui ont apportÃ© le sens du service, le goÃ»t du contact et lâ€™envie dâ€™un projet Ã  taille humaine. Ouvrir le SeventhÃ©en Coffee, câ€™est transformer ce parcours en une aventure qui lui ressemble : concrÃ¨te, utile et accueillante.

### â˜• La vie du lieu
Au-delÃ  du comptoir, le SeventhÃ©en Coffee est un espace de convivialitÃ©. Des soirÃ©es Ã  thÃ¨me sont organisÃ©es rÃ©guliÃ¨rement : karaokÃ©, quiz, ateliersâ€¦ Le Â« samedi 18 janvier Â», par exemple, la soirÃ©e est dÃ©diÃ©e aux annÃ©es 80 avec un menu couscous-galette. Ce type de rendez-vous crÃ©e des habitudes, attire des publics variÃ©s et rÃ©inscrit la vie au cÅ“ur de la rue, Ã  deux pas du chÃ¢teau. Entre le service, quelques mots Ã©changÃ©s, des prises de nouvelles et des clients qui reviennent, le cafÃ© remplit sa mission : Ãªtre un petit point dâ€™ancrage pour la ville.

![IntÃ©rieur du SeventhÃ©en Coffee â€” comptoir et accueil](stories/seventheen-counter.jpg)

### ğŸ° Ã€ la carte (esprit maison)
- Boissons chaudes prÃ©parÃ©es avec soin
- Gourmandises Â« vitrine Â» et douceurs de saison
- Salades composÃ©es pour une pause du midi plus lÃ©gÃ¨re
- Petits formats Ã  emporter pour les pressÃ©s

### ğŸ’¡ Pourquoi câ€™est inspirant
- Une reconversion assumÃ©e qui devient un projet Ã©panouissant âœ¨
- La preuve quâ€™on peut redonner vie Ã  une rue avec une adresse simple et tenue avec constance ğŸ˜ï¸
- Le **fait-maison** et lâ€™accueil qui crÃ©ent du **lien rÃ©el**, au quotidien ğŸ¤

â€”
ğŸ“® Adresse : 57 rue de la RÃ©publique, 54300 LunÃ©ville
ğŸ“¸ CrÃ©dit photo : Marjorie Durupt
ğŸ“° Source : *Lâ€™Est RÃ©publicain* â€” article de **Marjorie Durupt**, Â« AprÃ¨s deux reconversions, elle ouvre un coffee-shop Ã  LunÃ©ville Â» (15 janvier 2025)
","57 Rue de la RÃ©publique, 54300 LunÃ©ville","48.591","6.496","Lâ€™Est RÃ©publicain â€” Marjorie Durupt","/stories/articles/seventheen-luneville.pdf","stories/coffee-shop.jpg","2025-09-29T01:25:38Z","2025-10-19T06:37:35Z"
"4","saveurs-exotics-toul","Saveurs Exotics â€” Ã‰picerie antillaise & africaine (Toul)","Du conseil RH Ã  lâ€™entrepreneuriat local : une Ã©picerie qui fait voyager les papilles et rassemble les gens.","Produits antillais et africains, bar Ã  salade, ateliers cuisine et conseils personnalisÃ©s.","### ğŸŒ¿ Le projet
Ã€ Toul, Saveurs Exotics met des couleurs et des arÃ´mes dans le quotidien. DerriÃ¨re le comptoir, une passionnÃ©e de cuisine et de partage, passÃ©e du conseil en ressources humaines Ã  lâ€™entrepreneuriat gourmand. Objectif : faire dÃ©couvrir des saveurs dâ€™enfance, valoriser des producteurs mÃ©connus, crÃ©er un lieu oÃ¹ lâ€™on vient autant pour Ã©changer que pour acheter.

Ã‰tals choisis avec soin : Ã©pices des Antilles, condiments africains, boissons artisanales, confitures maison. Chaque rÃ©fÃ©rence est sÃ©lectionnÃ©e pour sa qualitÃ©, son histoire et son authenticitÃ©. Et parce que la curiositÃ© ouvre lâ€™appÃ©tit, le magasin propose un bar Ã  salade et des dÃ©gustations thÃ©matiques.

### ğŸš¶â€â™€ï¸ Parcours avant lâ€™ouverture
AprÃ¨s des annÃ©es dans la formation, besoin de retrouver du concret. Salons, Ã©changes avec des importateurs, recettes maison affinÃ©es. Ã‰tudier les produits, apprendre la gestion dâ€™un stock vivant, comprendre les attentes du public : un nouvel apprentissage menÃ© avec rigueur et enthousiasme.

### ğŸ› La vie du lieu
Chaque semaine sâ€™anime avec ateliers cuisine, soirÃ©es dÃ©gustation, playlists crÃ©oles et recettes partagÃ©es. Les habituÃ©s viennent pour un conseil, une idÃ©e, un mot. Ici, on parle autant de goÃ»t que de souvenirs. En deux ans, lâ€™adresse devient un point de rencontre entre cultures et gÃ©nÃ©rations.

### ğŸ’¡ Pourquoi câ€™est inspirant
- Reconversion authentique qui fait du commerce un vecteur de lien
- PÃ©dagogie comme ingrÃ©dient de la rÃ©ussite
- Commerce local qui redonne des couleurs au centre-ville

â€”
ğŸ“ Adresse : 9 Rue Pont-des-Cordeliers, 54200 Toul
ğŸ“¸ CrÃ©dit photo : Saveurs Exotics
ğŸ“° Source : Site officiel
","9 Rue Pont-des-Cordeliers, 54200 Toul","48.682","5.894","Site officiel","https://www.saveurs-exotics.fr/","https://www.saveurs-exotics.fr/wp-content/uploads/2025/06/Slide1-compressed.jpg","2025-09-29T01:25:38Z","2025-10-21T06:39:15Z"
"5","fred-taxi-saulxures","Fredâ€™Taxi â€” Artisan taxi (Saulxures-lÃ¨s-Nancy)","Ã€ 48 ans, FrÃ©dÃ©ric passe de cariste Ã  artisan taxi : autonomie, service et confiance au quotidien.","Transport local, mÃ©dical, scolaire ; qualitÃ© de service et rÃ©gularitÃ©.","### ğŸš• Le projet
AprÃ¨s vingt ans en entrepÃ´t, FrÃ©dÃ©ric choisit de devenir artisan taxi. Au-delÃ  du volant, câ€™est une nouvelle maniÃ¨re dâ€™Ãªtre utile. Il transporte des patients, des enfants, des habitants isolÃ©s, avec la mÃªme attention. Ponctuel, poli, fiable, il devient pour beaucoup un repÃ¨re discret.

### ğŸ”§ Parcours avant lâ€™ouverture
Formation, carte professionnelle, choix du vÃ©hicule, micro-entreprise, conventions avec les caisses de santÃ©. Beaucoup dâ€™apprentissage, souvent seul, avec lâ€™aide dâ€™anciens du mÃ©tier. En Ã©change, une vraie autonomie, des horaires adaptÃ©s, une relation de confiance.

### ğŸ¤ La vie du service
Dans les villages autour de Nancy, son numÃ©ro circule de bouche Ã  oreille. Rendez-vous mÃ©dicaux, gares, retours tardifs : toujours une voix calme, un trajet sÃ»r, un mot gentil. Sa spÃ©cialitÃ©, au fond : rendre la mobilitÃ© plus humaine.

### ğŸ’¡ Pourquoi câ€™est inspirant
- Reconversion sobre et utile qui recrÃ©e du lien de proximitÃ©
- Service artisanal au cÅ“ur du quotidien
- La fiabilitÃ© comme vocation

â€”
ğŸ“ Secteur : Saulxures-lÃ¨s-Nancy & environs
ğŸ“¸ CrÃ©dit photo : Fredâ€™Taxi
ğŸ“° Source : TÃ©moignages locaux
","38 Grande Rue, 54420 Saulxures-lÃ¨s-Nancy","48.654","6.209","TÃ©moignage local","","","2025-09-29T01:25:38Z","2025-10-21T06:39:15Z"
"6","lecrin-damelevieres","Lâ€™Ã‰crin â€” Bar & Lounge (DameleviÃ¨res)","Ancienne salariÃ©e dâ€™EHPAD, elle reprend un bar-lounge et relance la vie du bourg avec une programmation simple et rÃ©guliÃ¨re.","Carte courte, scÃ¨nes ouvertes, partenariats associatifs et ambiance chaleureuse.","### ğŸŒ¿ Le projet
Lâ€™Ã‰crin est un petit lieu convivial au cÅ“ur de DameleviÃ¨res, oÃ¹ lâ€™on se sent accueilli dÃ¨s le seuil franchi. AprÃ¨s des annÃ©es en EHPAD, la repreneuse voulait un endroit pour rassembler sans prÃ©tention. Un bar-lounge oÃ¹ la carte reste courte, les visages familiers et la musique bien choisie.

Entre un verre de vin, un cafÃ© ou une planche apÃ©ro, les gens se retrouvent. Chaque semaine, une soirÃ©e thÃ©matique : karaokÃ©, blind test, concert acoustique, jeux. Rien dâ€™excessif, mais tenu, sincÃ¨re et rÃ©gulier. La simplicitÃ© fait lâ€™ambiance.

### ğŸš¶â€â™€ï¸ Parcours avant lâ€™ouverture
Dossier de licence, formation en gestion, recherche de financement. Entourage mobilisÃ©, apprentissage sur le tas de la compta, de la comâ€™ et des autorisations. Chaque Ã©tape devient une petite victoire.

### ğŸµ La vie du lieu
Plus quâ€™un bar : un rendez-vous de quartier. Jeunes qui chantent, seniors qui discutent lâ€™aprÃ¨s-midi, associations locales qui sâ€™y ancrent. Un commerce de proximitÃ© oÃ¹ lâ€™on peut simplement Ãªtre bien.

### ğŸ’¡ Pourquoi câ€™est inspirant
- Reprise audacieuse qui montre quâ€™on peut changer de vie Ã  tout Ã¢ge
- Programmation lÃ©gÃ¨re mais constante, au service du lien social
- Le â€œprendre soinâ€ transposÃ© Ã  lâ€™accueil et Ã  la convivialitÃ©

â€”
ğŸ“ Adresse : 19 Rue de la LibÃ©ration, 54360 DameleviÃ¨res
ğŸ“¸ CrÃ©dit photo : Lâ€™Ã‰crin
ğŸ“° Source : Lâ€™Est RÃ©publicain (2025)
","19 Rue de la LibÃ©ration, 54360 DameleviÃ¨res","48.573","6.346","L'Est RÃ©publicain (12/09/2025)","/stories/articles/lecrin-damelevieres.pdf","","2025-09-29T01:25:38Z","2025-10-21T06:39:15Z"
"7","madame-bergamote-nancy","Madame Bergamote â€” Salon de thÃ© (Nancy)","Un salon de thÃ© artisanal prÃ¨s de Stanislas : pÃ¢tisseries fines, thÃ©s choisis et accueil soignÃ©.","Recettes maison, ateliers crÃ©atifs, ambiance douce et rÃ©guliÃ¨re.","### ğŸŒ¿ Le projet
Madame Bergamote, câ€™est une parenthÃ¨se lumineuse Ã  deux pas de Stanislas. On y entre pour un thÃ© fumant ou une tarte de saison, on y reste pour lâ€™accueil et lâ€™odeur de beurre qui sort du four. Carte courte qui tient ses promesses, rÃ©gularitÃ©, goÃ»t de reviens-y.

### ğŸš¶â€â™€ï¸ Parcours avant lâ€™ouverture
DerriÃ¨re le comptoir, une passionnÃ©e passÃ©e par la formation et la restauration/vente. Carnet de grammages, tempÃ©ratures, temps de repos ; recettes ajustÃ©es pour tenir le samedi de rush comme le mardi pluvieux. Petite logistique dâ€™un salon de thÃ© : flux, vitrine de 11 h, commandes Ã  la journÃ©e, rÃ©ponse au prÃ©nom.

### ğŸ° La vie du lieu
GoÃ»ters partagÃ©s, lecture au calme, ateliers de pÃ¢tisserie ou dâ€™aquarelle. La vitrine suit les saisons ; assiettes gÃ©nÃ©reuses, prix raisonnables, ambiance douce. Rien de spectaculaire : câ€™est tenu. Et câ€™est ce qui fidÃ©lise.

### ğŸ’¡ Pourquoi câ€™est inspirant
- Patience et prÃ©cision au service dâ€™un lieu rÃ©gulier
- Fait-maison simple et tenu
- Commerce dâ€™accueil qui tisse une communautÃ©

â€”
ğŸ“ Adresse : 3 Grande Rue, 54000 Nancy
ğŸ“¸ CrÃ©dit photo : Madame Bergamote
ğŸ“° Source : Page officielle
","3 Grande Rue, 54000 Nancy","48.695","6.184","Page officielle","https://madame-bergamote-nancy.eatbu.com/?lang=fr","https://cdn.website.dish.co/media/5f/a2/7245201/Madame-Bergamote-312987467-105901108988435-4889136544572526137-n-jpg.jpg","2025-09-29T01:25:38Z","2025-10-21T06:39:15Z"
"8","galapaga-villers","GALAPAGA â€” Concept-store Ã©thique (Villers-lÃ¨s-Nancy)","Laure, Ã©ducatrice de jeunes enfants, lance une boutique joyeuse et responsable : Ã©cologie, pÃ©dagogie, bienveillance.","PuÃ©riculture, jeux, mode Ã©thique, ateliers parentaux ; partenaire de la monnaie locale Florain.","### ğŸŒ¿ Le projet
GALAPAGA porte bien son nom : doux, colorÃ©, posÃ©. Laure y rÃ©unit des marques responsables (puÃ©riculture, jeux, mode), choisies pour leurs matÃ©riaux, leur durabilitÃ© et leur bon sens. La boutique nâ€™est pas un dÃ©filÃ© dâ€™objets : câ€™est un parcours. On touche, on comprend, on achÃ¨te mieux. Des ateliers parents-enfants ponctuent lâ€™annÃ©e.

### ğŸ‘£ Parcours avant lâ€™ouverture
Ancienne Ã©ducatrice de jeunes enfants, Laure voulait un commerce pÃ©dagogique. Fiches claires (origine de la matiÃ¨re, durabilitÃ©), dÃ©monstrations, adhÃ©sion Ã  la monnaie locale Florain pour ancrer lâ€™Ã©conomie dans le territoire. Elle apprend la vie dâ€™une petite boutique : commandes sans sur-stock, rÃ©cit des produits, accueil des questions.

### ğŸ§© La vie du lieu
On peut venir Â« juste pour comprendre Â». Essais de portage, petite rÃ©paration, troc de vÃªtements encore bons. Ambiance bienveillante, prix explicites, retours Ã©coutÃ©s. Peu Ã  peu, la boutique devient un tiers-lieu lÃ©ger.

### ğŸ’¡ Pourquoi câ€™est inspirant
- PÃ©dagogie au cÅ“ur de lâ€™expÃ©rience dâ€™achat
- Ã‰conomie locale et circulaire au quotidien
- Commerce qui donne envie dâ€™agir simplement

â€”
ğŸ“ Adresse : 34 Boulevard de Baudricourt, 54600 Villers-lÃ¨s-Nancy
ğŸ“° Source : Lâ€™Est RÃ©publicain
","34 Boulevard de Baudricourt, 54600 Villers-lÃ¨s-Nancy","48.672","6.152","Lâ€™Est RÃ©publicain â€” commerce local","/stories/articles/galapaga.pdf","","2025-09-29T01:25:38Z","2025-10-21T06:39:15Z"
"9","miss-cookies-nancy","Miss Cookies Coffee â€” Coffee-shop franchisÃ© (Nancy)","Aude quitte la fonction publique pour se lancer en franchise : un cadre rassurant, un accueil trÃ¨s personnel.","Coffee/snacking rue des Ponts, exÃ©cution rÃ©guliÃ¨re, Ã©quipe locale.","### ğŸ”„ Le virage
Choisir une franchise, pour Aude, câ€™est accÃ©lÃ©rer sans partir de zÃ©ro : process Ã©prouvÃ©s, achats centralisÃ©s, formation initiale. Elle garde lâ€™essentiel pour elle : accueil, rÃ©gularitÃ©, ambiance. Son cafÃ© doit Ãªtre un repÃ¨re simple et bien tenu.

### ğŸ§° Parcours avant lâ€™ouverture
Ã‰tude dâ€™enseignes, Ã©changes avec des franchisÃ©s, notes sur flux et stocks. Validation de lâ€™emplacement, recrutement dâ€™une Ã©quipe locale, apprentissage du rythme (vitrine 11 h, rush 16 h, fermeture douce). Quelques semaines dâ€™ajustement, puis la mÃ©canique se pose.

### â˜• La vie du lieu
Matins petit-dÃ©jâ€™ et cafÃ©s Ã  emporter ; aprÃ¨s-midi cookies et pauses rÃ©confort. Touche personnelle : playlists douces, partenariats crÃ©ateurs du coin, opÃ©rations solidaires. Rien dâ€™extravagant, mais une constance qui fait revenir.

### ğŸ’¡ Pourquoi câ€™est inspirant
- Reconversion pragmatique et assumÃ©e
- Process au service dâ€™un accueil personnel
- RÃ©gularitÃ© qui gagne la confiance du quartier

â€”
ğŸ“ Adresse : 9 Rue des Ponts, 54000 Nancy
ğŸ“¸ CrÃ©dit photo : Miss Cookies Coffee
ğŸ“° Source : Site officiel
","9 Rue des Ponts, 54000 Nancy","48.693","6.182","Site officiel","https://www.misscookies.com/","https://www.misscookies.com/photos/produits-patisseries.jpg","2025-09-29T01:25:38Z","2025-10-21T06:39:15Z"
"10","alexs-pastries-vandoeuvre","Alexâ€™s Pastries â€” PÃ¢tisserie (VandÅ“uvre-lÃ¨s-Nancy)","De lâ€™enseignement Ã  la pÃ¢tisserie artisanale : une entreprise gourmande, locale et sur-mesure.","Entremets, gÃ¢teaux personnalisÃ©s, ateliers Ã  domicile et commande en ligne.","### ğŸŒ¿ Le projet
Alexâ€™s Pastries fabrique des entremets soignÃ©s et des gÃ¢teaux personnalisÃ©s qui racontent une personne, une table, une fÃªte. Le modÃ¨le est simple : commande pour Ã©viter le gÃ¢chis, ateliers pour transmettre. Recettes Ã©quilibrÃ©es, dÃ©cors prÃ©cis, Ã©changes clients intÃ©grÃ©s Ã  la crÃ©ation.

### ğŸ“ Parcours avant lâ€™ouverture
Ancienne enseignante, Alex prÃ©pare un CAP pÃ¢tisserie, enchaÃ®ne les stages, documente ses essais. Calendrier de production, prise de rendez-vous en ligne, kit de devis clair. Le bouche-Ã -oreille fait le reste : peu, mais trÃ¨s bien.

### ğŸ‚ La vie du lieu
Week-ends dâ€™Ã©vÃ©nements (anniversaires, mariages) ; semaine en ateliers Ã  domicile ou en tiers-lieu. On apprend la mousse qui tient, la ganache qui brille, la poche qui rassure. Les retours nourrissent les recettes. Un artisanat joyeux, prÃ©cis et humain.

### ğŸ’¡ Pourquoi câ€™est inspirant
- ModÃ¨le agile et frugal pour se lancer
- Progression par petites itÃ©rations et retours
- Exigence artisanale au service de vraies personnes

â€”
ğŸ“ Adresse : VandÅ“uvre-lÃ¨s-Nancy
ğŸ“¸ CrÃ©dit photo : Alexâ€™s Pastries
ğŸ“° Source : Site & rÃ©seaux
","6 Rue Notre-Dame-des-Pauvres, 54500 VandÅ“uvre-lÃ¨s-Nancy","48.656","6.176","Site & rÃ©seaux â€” Alexâ€™s Pastries","https://alexloulous.wixsite.com/alexspastries","https://static.wixstatic.com/media/d30316_7bde4702681c4fd5ab1446470d45bf88~mv2.jpeg/v1/fill/w_980,h_980,al_c,q_85/Entremets%20vanille%20fruits%20rouges.jpeg","2025-09-29T01:25:38Z","2025-10-21T06:39:15Z"
"11","friche-en-lieu-baccarat","Ils transforment une friche en cafÃ© culturel (Baccarat)","Un collectif rÃ©habilite un ancien site en lieu culturel.","CafÃ© associatif, concerts, atelier rÃ©paration, ressourcerie.","### Le dÃ©clic
Face Ã  une friche au cÅ“ur de la ville, un collectif rassemble habitants et assos.

### Le projet
CafÃ© culturel, programmation locale, ressourcerie et ateliers de transmission.

### Ã€ retenir
- Convention dâ€™occupation claire avec la mairie  
- Gouvernance simple + transparence financiÃ¨re
","Baccarat","48.45","6.7383","Collectif local","","","2025-10-05T15:55:54Z","2025-10-05T15:55:54Z"
"12","menuiserie-reconversion-raon","De demandeur dâ€™emploi Ã  artisan menuisier (Raon-lâ€™Ã‰tape)","Jean se forme en atelier partagÃ©, devient artisan.","Atelier bois, chantiers locaux, transmission Ã  des apprentis.","### Le dÃ©clic
Travailler de ses mains, utile, local.

### Le chemin
Formations courtes + compagnonnage en atelier mutualisÃ©.

### LeÃ§ons
- Petits chantiers au dÃ©part, bouche-Ã -oreille ensuite  
- QualitÃ© et dÃ©lais = rÃ©putation
","Raon-l'Ã‰tape","48.4011","6.8428","Atelier partagÃ©","","","2025-10-05T15:55:54Z","2025-10-05T15:55:54Z"
"13","coop-citoyenne-saint-die","Une coopÃ©rative citoyenne qui change la ville (Saint-DiÃ©)","Habitants, assos et collectivitÃ©s co-investissent.","Locaux vacants rachetÃ©s, commerces et logements abordables.","### Le dÃ©clic
Lutter contre les vitrines vides en centre-ville.

### Le projet
SociÃ©tÃ© coopÃ©rative : rachat/gestion de locaux, loyers modÃ©rÃ©s, animation.

### RÃ©sultats
Installation dâ€™artisans, cafÃ©s, ateliers : une rue reprend vie.
","Saint-DiÃ©-des-Vosges","48.2851","6.9498","Collectif coopÃ©ratif","","","2025-10-05T15:55:54Z","2025-10-05T15:55:54Z"
"14","seventheen-coffee-luneville-er","SEVENTHÃ‰EN Coffee (LunÃ©ville) â€” Un coffee shop de spÃ©cialitÃ© en cÅ“ur de ville","Deux reconversions aboutissent Ã  lâ€™ouverture dâ€™un coffee shop de spÃ©cialitÃ© rue de la RÃ©publique.","CafÃ© de spÃ©cialitÃ©, petite restauration, ateliers dâ€™initiation : un lieu qui anime LunÃ©ville.","### ğŸ’¡ Le dÃ©clic
AprÃ¨s des parcours pros diffÃ©rents, les fondateurs tombent amoureux du cafÃ© de spÃ©cialitÃ©.

### â˜• Le projet
Espresso constant, mÃ©thodes douces, **ateliers dÃ©couverte** ouverts Ã  tous.

### âœ¨ Pourquoi câ€™est inspirant
Une adresse qui **rÃ©veille le centre-ville** et crÃ©e des habitudes.
","57 Rue de la RÃ©publique, 54300 LunÃ©ville","48.591","6.496","Lâ€™Est RÃ©publicain","https://www.estrepublicain.fr/edition-luneville/2024/11/25/seventheen-coffee-un-coffee-shop-rue-de-la-republique","","2025-10-05T16:42:28Z","2025-10-19T06:37:35Z"
"15","pierre-percee-plein-air-relance-er","Pierre-PercÃ©e (54) â€” Parier sur le plein air pour relancer un village","Au cÅ“ur du Pays du Cristal, Pierre-PercÃ©e mise sur la nature et les Ã©motions Ã  ciel ouvert pour faire revenir les visiteurs et redonner souffle Ã  tout un territoire.","HÃ©bergements lÃ©gers, activitÃ©s nautiques, sentiers et nouvelles expÃ©riences de plein air pour relancer un village et son Ã©conomie locale.","### ğŸŒ¿ Le projet
Dans les Vosges du Nord, le lac de Pierre-PercÃ©e a toujours eu un charme particulier : forÃªts profondes, reflets verts, silence. Mais les visiteurs se faisaient plus rares, les hÃ©bergements vieillissaient, les activitÃ©s tournaient en rond. La commune et ses partenaires ont donc repensÃ© le site comme un Ã©cosystÃ¨me vivant, ouvert aux initiatives locales et Ã  la nature sous toutes ses formes. Le pari : faire du plein air un moteur de relance durable.

Autour du lac, les nouveaux amÃ©nagements misent sur la sobriÃ©tÃ© et le sens du lieu : hÃ©bergements lÃ©gers en bois, espaces de bivouac, sentiers mieux balisÃ©s, zones de baignade surveillÃ©es et accueil repensÃ© pour cyclistes et randonneurs. Lâ€™objectif est dâ€™attirer sans dÃ©naturer.

### ğŸš¶â€â™€ï¸ Parcours et mÃ©thode
Le projet rÃ©unit mairie, acteurs touristiques, associations sportives, hÃ©bergeurs et habitants. Chacun apporte sa contribution : logistique, communication, circuits courts, produits du terroir. Ensemble, ils ont posÃ© un plan Ã  cinq ans avec une idÃ©e centrale : remettre les habitants au cÅ“ur de la dynamique. Les jeunes participent via des chantiers, les artisans locaux interviennent sur les travaux, les associations sportives encadrent les activitÃ©s nautiques.

### ğŸš£â€â™‚ï¸ La vie du lieu
Les week-ends dâ€™Ã©tÃ©, le lac retrouve son Ã©nergie. Paddle, escalade, randonnÃ©e, tyrolienne, marchÃ©s locaux, concerts au bord de lâ€™eau : tout est pensÃ© pour faire vivre la montagne autrement. Lâ€™hiver, le calme revient mais le travail continue : entretiens, bilans, prÃ©paration de la prochaine saison. Les commerÃ§ants sentent dÃ©jÃ  la diffÃ©rence : plus de passage, plus de vitalitÃ©, et des visiteurs qui reviennent. Le lac nâ€™est plus une parenthÃ¨se mais une destination.

### ğŸ’¡ Pourquoi câ€™est inspirant
- Relance territoriale fondÃ©e sur la coopÃ©ration ğŸï¸
- Emplois saisonniers et durables crÃ©Ã©s localement
- Transition touristique vers le sobre et le sensible ğŸŒ²

â€”
ğŸ“ Adresse : Lac de Pierre-PercÃ©e, 54540 Pierre-PercÃ©e
ğŸ“¸ CrÃ©dit photo : Office du Tourisme du Pays du Cristal
ğŸ“° Source : Lâ€™Est RÃ©publicain (24 janvier 2025)
","Lac de Pierre-PercÃ©e, 54540 Pierre-PercÃ©e","48.498","6.912","Lâ€™Est RÃ©publicain","https://www.estrepublicain.fr/economie/2025/01/24/pierre-percee-veut-monter-en-gamme-pour-seduir-les-visiteurs","https://images.unsplash.com/photo-1526483360412-f4dbaf036963?q=80&w=1600&auto=format&fit=crop","2025-10-05T16:42:28Z","2025-10-21T07:55:23Z"
"16","le-pas-sage-nancy-er","Le Pas Sage (Nancy) â€” La constance dâ€™une cuisine simple et prÃ©cise","Dans le faubourg des Trois-Maisons, une adresse qui a trouvÃ© son rythme.","Cuisine courte, produits frais et saison, exÃ©cution prÃ©cise.","### ğŸ’¡ Le dÃ©clic
Travailler **court, frais, de saison** et viser la rÃ©gularitÃ©.

### ğŸ½ï¸ Le projet
Carte ramassÃ©e, exÃ©cution prÃ©cise, renouvellement saisonnier.

### âœ¨ Pourquoi câ€™est inspirant
Un restaurant de quartier peut **tenir la distance** sans sur-promettre.
","Quartier des Trois-Maisons, 54000 Nancy","48.701","6.177","Lâ€™Est RÃ©publicain","https://www.estrepublicain.fr/economie/2024/10/26/le-pas-sage-soigne-les-produits-frais-et-les-met-en-scene","","2025-10-05T16:42:28Z","2025-10-19T06:37:35Z"
"17","cerfav-vannes-le-chatel","CERFAV â€” Arts verriers (Vannes-le-ChÃ¢tel)","Un lieu unique oÃ¹ lâ€™on souffle le verre, on apprend, on crÃ©e â€” du premier cÅ“ur en duo Ã  la boule de NoÃ«l, la magie devient geste.","Formations et ateliers grand public (soufflage, fusing), galerie-boutique et expositions autour du verre.","### ğŸŒ¿ Le projet
Ã€ Vannes-le-ChÃ¢tel, le CERFAV mÃ©lange transmission, crÃ©ation et Ã©merveillement. On vient pour voir le verre prendre forme au bout de la canne, essayer un premier geste et repartir avec une piÃ¨ce qui a une histoire. Les ateliers grand public (soufflage dâ€™ornements, fusing en couleurs) et les expositions rendent le geste verrier accessible, sans rien enlever Ã  sa poÃ©sie.

### ğŸš¶â€â™€ï¸ Parcours et pÃ©dagogie
Câ€™est dâ€™abord un centre de formation et de recherche reconnu â€” mais la pÃ©dagogie ne sâ€™arrÃªte pas aux pros. Formats courts dÃ¨s 6 ans, pensÃ©s pour rÃ©ussir en sÃ©curitÃ©, avec un rÃ©sultat concret (boules de NoÃ«l, cÅ“urs soufflÃ©s, piÃ¨ces en verre fusionnÃ©). Apprendre par le faire, comprendre la chaleur, la gravitÃ©, le refroidissement.

### ğŸ”¥ La vie du lieu
Lâ€™annÃ©e est rythmÃ©e par des temps forts : ateliers de NoÃ«l, sessions Saint-Valentin, dÃ©couverte du fusing pendant lâ€™hiver. La galerie-boutique prolonge lâ€™expÃ©rience et lâ€™Office de Tourisme mÃ©tropolitain diffuse des crÃ©ations en ville. RÃ©servation en ligne, accueil bienveillant, Ã©quipe passionnÃ©e.

### ğŸ’¡ Pourquoi câ€™est inspirant
- Savoir-faire dâ€™exception rendu accessible
- Ateliers courts qui rÃ©enchantent lâ€™apprentissage
- Lien direct entre crÃ©ateurs, habitants et visiteurs

â€”
ğŸ“ Rue du Grippot, 54112 Vannes-le-ChÃ¢tel
ğŸ“¸ CrÃ©dit photo : CERFAV
ğŸ“° Source : Destination Nancy, p.16
","Rue du Grippot, 54112 Vannes-le-ChÃ¢tel","48.5555","5.8476","Destination Nancy","/stories/articles/destination-nancy.pdf","stories/cerfav.jpg","2025-10-19T19:15:09Z","2025-10-21T06:39:15Z"
"18","le-lupin-atelier-ceramique-nancy","Le Lupin â€” Atelier de cÃ©ramique (Nancy)","Un atelier familial, des cours et des stages pour apprivoiser la terre â€” et une box 100 % cÃ©ramique, pensÃ©e Ã  Nancy.","Cours, initiations, pratique autonome encadrÃ©e, ventes Ã©phÃ©mÃ¨res et abonnement Â« La Box du Lupin Â».","### ğŸŒ¿ Le projet
Le Lupin est un atelier de cÃ©ramique tenu par deux artisans passionnÃ©s. Câ€™est un lieu vivant : on faÃ§onne, on tourne, on Ã©maille, on parle de gestes et de temps long. Lâ€™Ã©quipe propose des cours et initiations, mais aussi des temps de pratique autonome pour continuer Ã  crÃ©er Ã  son rythme. Des ventes Ã©phÃ©mÃ¨res ponctuent lâ€™annÃ©e.

### ğŸ Une box qui soutient lâ€™artisanat
Leur Box du Lupin (tous les deux mois) rÃ©unit des piÃ¨ces faites main Ã  Nancy â€” des objets utiles, sobres, touchants, livrÃ©s Ã  domicile. Une porte dâ€™entrÃ©e pour offrir local et apprendre Ã  reconnaÃ®tre la qualitÃ© dâ€™une cuisson, dâ€™un Ã©mail, dâ€™un bord bien tournÃ©.

### ğŸº La vie du lieu
Atelier ouvert du lundi au samedi : cours, stages, crÃ©neaux dâ€™atelier libre. PÃ©dagogie rassurante pour les dÃ©butants, exigence des finitions pour les avancÃ©s. On se croise, on sâ€™encourage, on compare des terres, on passe lors dâ€™une vente dâ€™artisans. Une vraie communautÃ© de mains dans la terre.

### ğŸ’¡ Pourquoi câ€™est inspirant
- Ã‰cole du geste chaleureuse, pour tous niveaux
- ModÃ¨le mÃªlant formation et diffusion locale
- Temps long de lâ€™artisanat rendu dÃ©sirable au quotidien

â€”
ğŸ“ 5 place de la Croix de Bourgogne, Nancy
ğŸ“¸ CrÃ©dit photo : Le Lupin
ğŸ“° Source : Destination Nancy, p.17
","5 Place de la Croix de Bourgogne, 54000 Nancy","48.6867","6.1842","Destination Nancy","/stories/articles/destination-nancy.pdf","stories/le-lupin.jpg","2025-10-19T19:15:09Z","2025-10-21T06:39:15Z"
"19","club-sandwich-illustration-nancy","Club Sandwich â€” Atelier-boutique dâ€™illustrations (Nancy)","Deux illustratrices, une vitrine colorÃ©e et des rendez-vous rÃ©guliers pour faire vibrer lâ€™imaginaire â€” du dessin Ã  la sÃ©rigraphie.","Boutique-atelier, sÃ©rigraphies, objets illustrÃ©s, Ã©vÃ©nements et rencontres avec des artistes locaux.","### ğŸŒ¿ Le projet
Club Sandwich (ex-Cueillir) est la boutique-atelier de deux illustratrices, ChloÃ© Revel et Cami Berni. Leur univers mÃªle Art nouveau, faune et flore, Japon et estampe â€” dÃ©clinÃ© en illustrations et sÃ©rigraphies qui accrochent lâ€™Å“il et le sourire. On entre pour une affiche, on reste pour la conversation sur un papier, une encre, une trame, un cadrage.

### âœï¸ Parcours et engagement
TrÃ¨s investies dans le tissu associatif et culturel, elles conÃ§oivent la boutique comme un lieu de circulation : accueillir dâ€™autres illustrateurs, organiser des temps forts, provoquer des rencontres. On peut aussi commander une illustration personnalisÃ©e â€” une maniÃ¨re joyeuse de cÃ©lÃ©brer une histoire, un lieu, une passion.

### ğŸ¨ La vie du lieu
Ouverte du mercredi au samedi (14 h â€“ 18 h), la boutique devient un point de ralliement pour curieux, Ã©tudiants et amoureux dâ€™objets imprimÃ©s. Entre petites sÃ©ries, pochettes, pins et piÃ¨ces chinÃ©es, on trouve de quoi offrir local sans se ruiner. Les vitrines changent au fil des saisons : revenir est toujours une bonne idÃ©e.

### ğŸ’¡ Pourquoi câ€™est inspirant
- Atelier-boutique qui crÃ©e de la rencontre
- Illustration vivante, entre artisanat et culture populaire
- Commandes sur mesure qui racontent les gens

â€”
ğŸ“ 21 rue de la Source, 54000 Nancy
ğŸ“¸ CrÃ©dit photo : Club Sandwich
ğŸ“° Source : Destination Nancy, p.17
","21 Rue de la Source, 54000 Nancy","48.6889","6.1785","Destination Nancy","/stories/articles/destination-nancy.pdf","stories/club-sandwich.jpg","2025-10-19T19:15:09Z","2025-10-21T06:39:15Z"
