title,description,category,organization,location,time_commitment,latitude,longitude,is_active,tags,image_url,source_url,_reason
"Infos travaux : amÃ©nagement de l'Avenue du Rhin Du 3 novembre 2025 Ã  fin avril 2026, lâ€™avenue du Rhin Ã  MaxÃ©ville e transforme pour des dÃ©placements plus sÃ»rs et plus durables.","Infos travaux : amÃ©nagement de l'Avenue du Rhin Du 3 novembre 2025 Ã  fin avril 2026, lâ€™avenue du Rhin Ã  MaxÃ©ville e transforme pour des dÃ©placements plus sÃ»rs et plus durables.

ğŸ”— En savoir plus : https://www.grandnancy.eu/actualites/actualite/news/infos-travaux-amenagement-de-lavenue-du-rhin",,,,3 novembre 2025,,,true,,https://www.grandnancy.eu/fileadmin/_processed_/c/f/csm_2025_10_23_travaux_avenue_rhin_b9cb4ae82a.jpg,https://www.grandnancy.eu/actualites/actualite/news/infos-travaux-amenagement-de-lavenue-du-rhin,bruit
"PrÃ©vention de la grippe : la MÃ©tropole et ses partenaires se mobilisent Face Ã  la recrudescence des cas de grippe, la MÃ©tropole du Grand Nancy et ses partenaires renforcent la prÃ©vention en ouvrant trois centres deâ€¦","PrÃ©vention de la grippe : la MÃ©tropole et ses partenaires se mobilisent Face Ã  la recrudescence des cas de grippe, la MÃ©tropole du Grand Nancy et ses partenaires renforcent la prÃ©vention en ouvrant trois centres deâ€¦

ğŸ”— En savoir plus : https://www.grandnancy.eu/actualites/actualite/news/prevention-de-la-grippe-la-metropole-et-ses-partenaires-se-mobilisent",,,,CrÃ©neaux rÃ©guliers â€” voir la page de lâ€™organisateur,,,true,,https://www.grandnancy.eu/fileadmin/_processed_/5/c/csm_2025_10_23_Post_Vaccination_v2025_64bb37c5e4.jpg,https://www.grandnancy.eu/actualites/actualite/news/prevention-de-la-grippe-la-metropole-et-ses-partenaires-se-mobilisent,bruit
Parc de lâ€™Ancienne Voie FerrÃ©e et Urbanloop : la concertation entre en phase 2 Une nouvelle Ã©tape de concertation pour dessiner ensemble le futur parc linÃ©aire des Rives de Meurthe Nord.,"Parc de lâ€™Ancienne Voie FerrÃ©e et Urbanloop : la concertation entre en phase 2 Une nouvelle Ã©tape de concertation pour dessiner ensemble le futur parc linÃ©aire des Rives de Meurthe Nord.

ğŸ”— En savoir plus : https://www.grandnancy.eu/actualites/actualite/news/parc-de-lancienne-voie-ferree-la-concertation-entre-en-phase-2",,,,CrÃ©neaux rÃ©guliers â€” voir la page de lâ€™organisateur,,,true,,https://www.grandnancy.eu/fileadmin/_processed_/4/5/csm_2025_10_22_Marche_exploratoire_et_concertation_sur_le_parc_de_lancienne_voie_ferree_et_Urbanloop_999c5d7d55.jpg,https://www.grandnancy.eu/actualites/actualite/news/parc-de-lancienne-voie-ferree-la-concertation-entre-en-phase-2,bruit
"Nancy 1925. Une expÃ©rience de la vie moderne Ã€ lâ€™occasion du centenaire de lâ€™Exposition internationale de 1925, Nancy met Ã  lâ€™honneur la crÃ©ativitÃ© et les savoir-faire qui ont faÃ§onnÃ© laâ€¦","Nancy 1925. Une expÃ©rience de la vie moderne Ã€ lâ€™occasion du centenaire de lâ€™Exposition internationale de 1925, Nancy met Ã  lâ€™honneur la crÃ©ativitÃ© et les savoir-faire qui ont faÃ§onnÃ© laâ€¦

ğŸ”— En savoir plus : https://www.grandnancy.eu/actualites/actualite/news/nancy-1925-une-experience-de-la-vie-moderne",,,,CrÃ©neaux rÃ©guliers â€” voir la page de lâ€™organisateur,,,true,,https://www.grandnancy.eu/fileadmin/_processed_/4/4/csm_2025_10_21_PRINT_PALI_1984x2985_Nancy1925_page-0001__2___2__3f1e25a8f1.jpg,https://www.grandnancy.eu/actualites/actualite/news/nancy-1925-une-experience-de-la-vie-moderne,culture
"RÃ©chauffez votre coeur, donnez votre sang ! Les tempÃ©ratures baissent, mais pas les besoins en sang. En novembre, offrez un peu de vous, les malades comptent sur votre gÃ©nÃ©rositÃ© !","RÃ©chauffez votre coeur, donnez votre sang ! Les tempÃ©ratures baissent, mais pas les besoins en sang. En novembre, offrez un peu de vous, les malades comptent sur votre gÃ©nÃ©rositÃ© !

ğŸ”— En savoir plus : https://www.grandnancy.eu/actualites/actualite/news/rechauffez-votre-coeur-donnez-votre-sang",,,,CrÃ©neaux rÃ©guliers â€” voir la page de lâ€™organisateur,,,true,,https://www.grandnancy.eu/fileadmin/_processed_/e/7/csm_2025_10_15_EFS_Post_Metropole_du_Grand_Nancy_182ba10e70.png,https://www.grandnancy.eu/actualites/actualite/news/rechauffez-votre-coeur-donnez-votre-sang,categorie_inconnue
"Visit Nancy nÂ°7 Le tout nouveau numÃ©ro du magazine dÃ©diÃ© aux dÃ©couvertes, bons plans et temps forts du territoire, est dÃ©sormais disponible.","Visit Nancy nÂ°7 Le tout nouveau numÃ©ro du magazine dÃ©diÃ© aux dÃ©couvertes, bons plans et temps forts du territoire, est dÃ©sormais disponible.

ğŸ”— En savoir plus : https://www.grandnancy.eu/actualites/actualite/news/default-532ddf91bf",,,,CrÃ©neaux rÃ©guliers â€” voir la page de lâ€™organisateur,,,true,,https://www.grandnancy.eu/fileadmin/_processed_/8/5/csm_2025_10_15_Visit_Nancy_d62e984066.png,https://www.grandnancy.eu/actualites/actualite/news/default-532ddf91bf,categorie_inconnue
"Une saison culturelle haute en couleurs au Conservatoire du Grand Nancy Le Conservatoire rÃ©gional du Grand Nancy dÃ©voile sa saison 2025-2026 : une programmation riche, Ã©clectique et ouverte Ã  tous, Ã  dÃ©couvrir dÃ¨sâ€¦","Une saison culturelle haute en couleurs au Conservatoire du Grand Nancy Le Conservatoire rÃ©gional du Grand Nancy dÃ©voile sa saison 2025-2026 : une programmation riche, Ã©clectique et ouverte Ã  tous, Ã  dÃ©couvrir dÃ¨sâ€¦

ğŸ”— En savoir plus : https://www.grandnancy.eu/actualites/actualite/news/une-saison-culturelle-haute-en-couleurs-au-conservatoire-du-grand-nancy",,,,CrÃ©neaux rÃ©guliers â€” voir la page de lâ€™organisateur,,,true,,https://www.grandnancy.eu/fileadmin/_processed_/f/0/csm_2025_10_10-Conservatoire_Saison_culturelle_38fd4230a7.jpg,https://www.grandnancy.eu/actualites/actualite/news/une-saison-culturelle-haute-en-couleurs-au-conservatoire-du-grand-nancy,culture
"Nancy Centre Gare : dÃ©construction de lâ€™ancienne caserne de pompiers Joffre Ã€ partir du 6 octobre 2025, la MÃ©tropole du Grand Nancy engage la dÃ©construction de lâ€™ancienne caserne Joffre, une opÃ©ration essentielle Ã  laâ€¦","Nancy Centre Gare : dÃ©construction de lâ€™ancienne caserne de pompiers Joffre Ã€ partir du 6 octobre 2025, la MÃ©tropole du Grand Nancy engage la dÃ©construction de lâ€™ancienne caserne Joffre, une opÃ©ration essentielle Ã  laâ€¦

ğŸ”— En savoir plus : https://www.grandnancy.eu/actualites/actualite/news/nancy-centre-gare-deconstruction-de-lancienne-caserne-de-pompiers-joffre",,,,6 octobre 2025,,,true,,https://www.grandnancy.eu/fileadmin/fichiers/_ACTUALITES/2025/2025_10_10_Infos_travaux_Caserne_Nancy_Gare__1_.png,https://www.grandnancy.eu/actualites/actualite/news/nancy-centre-gare-deconstruction-de-lancienne-caserne-de-pompiers-joffre,bruit
,"Agenda

ğŸ”— En savoir plus : https://www.grandnancy.eu/",,,,CrÃ©neaux rÃ©guliers â€” voir la page de lâ€™organisateur,,,true,,https://agenda-static.grandnancy.eu/fichiers/S-TYPO3/searching.svg,https://www.grandnancy.eu/,titre_bruit
https://www.secourspopulaire.fr/meurthe-et-moselle,"ï¿½ï¿½ï¿½ï¿½Vï¿½Exifï¿½ï¿½II*ï¿½ï¿½ï¿½ï¿½ï¿½ï¿½ï¿½ï¿½ï¿½Jï¿½ï¿½ï¿½ï¿½ï¿½ï¿½ï¿½Rï¿½ï¿½ï¿½(ï¿½ï¿½ï¿½ï¿½ï¿½ï¿½ï¿½ï¿½ï¿½ï¿½ï¿½ï¿½ï¿½Zï¿½ï¿½ï¿½iï¿½ï¿½ï¿½ï¿½ï¿½lï¿½ï¿½ï¿½ï¿½ï¿½ï¿½ï¿½ï¿½ï¿½ï¿½ï¿½ï¿½ï¿½ï¿½ï¿½ï¿½ï¿½ï¿½ï¿½ï¿½ï¿½Dumoulin Nicolasï¿½ï¿½ï¿½ï¿½ï¿½ï¿½ï¿½ï¿½ï¿½0230ï¿½ï¿½ï¿½ï¿½ï¿½ï¿½ï¿½ï¿½ï¿½ï¿½ï¿½ï¿½ï¿½ï¿½ï¿½ï¿½ï¿½ï¿½ï¿½ï¿½ï¿½ï¿½ï¿½ï¿½ï¿½ï¿½ï¿½ï¿½ï¿½ï¿½ï¿½ï¿½ï¿½ï¿½ï¿½ï¿½(ï¿½ï¿½ï¿½ï¿½ï¿½ï¿½ï¿½ï¿½ï¿½ï¿½ï¿½ï¿½ï¿½ï¿½ï¿½ï¿½ï¿½ï¿½ï¿½Vï¿½ï¿½ï¿½ï¿½ï¿½ï¿½Hï¿½ï¿½ï¿½ï¿½ï¿½ï¿½Hï¿½ï¿½ï¿½ï¿½ï¿½ï¿½ï¿½ï¿½ï¿½ï¿½ï¿½ï¿½ï¿½         ï¿½ï¿½ï¿½ï¿½ ï¿½ï¿½ï¿½Adobeï¿½dï¿½ï¿½ï¿½ï¿½ï¿½ï¿½ï¿½ï¿½ï¿½ï¿½ï¿½ï¿½ï¿½ï¿½ï¿½ï¿½ï¿½ï¿½ï¿½ï¿½ï¿½ï¿½ï¿½ï¿½ï¿½ï¿½ï¿½ï¿½ï¿½ï¿½ï¿½ï¿½ï¿½ï¿½ï¿½ï¿½ï¿½ï¿½ï¿½ï¿½ï¿½ï¿½ ï¿½ï¿½ï¿½!1""AQ2BaqRbrï¿½ï¿½ï¿½#ï¿½ï¿½ï¿½ï¿½ï¿½ï¿½3ï¿½ï¿½ï¿½ï¿½$4ï¿½ï¿½ï¿½&CDESTcdsï¿½ï¿½6tï¿½ï¿½ï¿½ï¿½ï¿½ï¿½ï¿½!""12ABQRb#qrï¿½ï¿½ï¿½ï¿½3aï¿½ï¿½ï¿½ï¿½â‘ï¿½CSï¿½ï¿½$csï¿½ï¿½ï¿½ï¿½4ï¿½ï¿½ï¿½ï¿½ï¿½ ï¿½ï¿½ï¿½?ï¿½ï¿½)8ï¿½ï¿½ï¿½(ï¿½ Iï¿½ï¿½&ï¿½'qØ´ï¿½ `Ã—ï¿½ï¿½ï¿½ï¿½'ï¿½ï¿½ï¿½ï¿½mï¿½ï¿½OHï¿½&ï¿½.ï¿½s7ï¿½ Cï¿½Fï¿½ï¿½Fï¿½ï¿½K1ï¿½Ìœï¿½ mP {ï¿½ï¿½ï¿½ï¿½sï¿½ï¿½ï¿½ï¿½ï¿½ï¿½W[ï¿½ï¿½ ï¿½ |ï¿½ï¿½ï¿½ï¿½Ë…ï¿½ëï¿½ï¿½rï¿½ï¿½Ü©M-Zï¿½ï¿½ï¿½bï¿½ï¿½9Sï¿½ï¿½jtï¿½7ï¿½Uï¿½ï¿½Eï¿½Û¤(ï¿½Kï¿½bï¿½ $}ï¿½;Lï¿½?:ï¿½ï¿½j ï¿½Jà¨ï¿½ï¿½Rl6ï¿½| ï¿½ï¿½E ï¿½QGï¿½jï¿½Qï¿½ï¿½fï¿½ï¿½ï¿½pï¿½1ï¿½r ï¿½BNcJ)ï¿½ï¿½Sï¿½E%5Fï¿½ï¿½%ï¿½ï¿½mï¿½ï¿½ï¿½ï¿½ï¿½jJï¿½nï¿½d ï¿½NVï¿½%ï¿½ï¿½ï¿½Å‘Yï¿½9ï¿½ï¿½Hï¿½ï¿½ï¿½;ï¿½â€¦

ğŸ”— En savoir plus : https://www.secourspopulaire.fr/meurthe-et-moselle",,,,"Cette semaine, 03:00 â€” voir la page",,,true,,,https://www.secourspopulaire.fr/meurthe-et-moselle,titre_bruit
Publication du rapport EmmaÃ¼s en France,"ActualitÃ© / FÃ©dÃ©ration EmmaÃ¼s France Publication du rapport EmmaÃ¼s en France

ğŸ”— En savoir plus : https://emmaus-france.org/publication-du-rapport-emmaus-en-france/",,,,CrÃ©neaux rÃ©guliers â€” voir la page de lâ€™organisateur,,,true,,https://emmaus-france.org/wp-content/uploads/2024/12/Sit_emmausenfrance2025.webp,https://emmaus-france.org/publication-du-rapport-emmaus-en-france/,categorie_inconnue
Accompagnement,"Les sujets du moment : Accompagnement Emploi Guides Insertion Plaidoyer PrÃ©caritÃ© Toute l'actualitÃ©

ğŸ”— En savoir plus : https://emmaus-france.org/actualites/?tax_category=accompagnement",,,,CrÃ©neaux rÃ©guliers â€” voir la page de lâ€™organisateur,,,true,,https://emmaus-france.org/wp-content/uploads/2023/03/Emmaus_France.jpg,https://emmaus-france.org/actualites/?tax_category=accompagnement,categorie_inconnue
Un guide pour dÃ©construire les clichÃ©s sur les personnes Ã  la rue,"Un guide pour dÃ©construire les clichÃ©s sur les personnes Ã  la rue

ğŸ”— En savoir plus : https://emmaus-france.org/un-guide-pour-deconstruire-les-cliches-sur-les-personnes-a-la-rue/",,,,CrÃ©neaux rÃ©guliers â€” voir la page de lâ€™organisateur,,,true,,https://emmaus-france.org/wp-content/uploads/2025/09/guide_personnesalarue_vhaut.jpg,https://emmaus-france.org/un-guide-pour-deconstruire-les-cliches-sur-les-personnes-a-la-rue/,categorie_inconnue
"LibertÃ©, Ã©galitÃ©, sanctionnÃ©s","LibertÃ©, Ã©galitÃ©, sanctionnÃ©s

ğŸ”— En savoir plus : https://emmaus-france.org/presses/liberte-egalite-sanctionnes/",,,,CrÃ©neaux rÃ©guliers â€” voir la page de lâ€™organisateur,,,true,,https://emmaus-france.org/wp-content/uploads/2025/10/2510_libegalsanc.jpg,https://emmaus-france.org/presses/liberte-egalite-sanctionnes/,categorie_inconnue
Pour un budget cohÃ©rent et juste au bÃ©nÃ©fice de nos concitoyen.nes,"Pour un budget cohÃ©rent et juste au bÃ©nÃ©fice de nos concitoyen.nes

ğŸ”— En savoir plus : https://emmaus-france.org/presses/a-qui-pro%ef%ac%81tera-le-budget-2026/",,,,CrÃ©neaux rÃ©guliers â€” voir la page de lâ€™organisateur,,,true,,https://emmaus-france.org/wp-content/uploads/2025/10/pacte_aquiprofitera_budhet2026.jpg,https://emmaus-france.org/presses/a-qui-pro%ef%ac%81tera-le-budget-2026/,categorie_inconnue
PLF 2026 : plan de liquidation et licenciements de grande ampleur dans lâ€™insertion ?,"PLF 2026 : plan de liquidation et licenciements de grande ampleur dans lâ€™insertion ?

ğŸ”— En savoir plus : https://emmaus-france.org/presses/plf-2026-plan-de-liquidation-et-licenciements-de-grande-ampleur-dans-linsertion/",,,,CrÃ©neaux rÃ©guliers â€” voir la page de lâ€™organisateur,,,true,,https://emmaus-france.org/wp-content/uploads/2025/10/261016_CP_IAE_budget2026.jpg,https://emmaus-france.org/presses/plf-2026-plan-de-liquidation-et-licenciements-de-grande-ampleur-dans-linsertion/,categorie_inconnue
OÃ¹ donner ?,"OÃ¹ donner ? Redonnez de la valeur Ã  vos objets et vÃªtements en les donnant au centre EmmaÃ¼s le plus proche de chez vous Trouver un centre

ğŸ”— En savoir plus : https://emmaus-france.org/donner/",,,,CrÃ©neaux rÃ©guliers â€” voir la page de lâ€™organisateur,,,true,,https://emmaus-france.org/wp-content/uploads/2023/03/Emmaus_France.jpg,https://emmaus-france.org/donner/,categorie_inconnue
OÃ¹ acheter ?,"OÃ¹ acheter ? Faites un achat solidaire et responsable en achetant un objet ou un vÃªtement revalorisÃ© par nos centres EmmaÃ¼s Trouver un centre

ğŸ”— En savoir plus : https://emmaus-france.org/acheter/",,,,CrÃ©neaux rÃ©guliers â€” voir la page de lâ€™organisateur,,,true,,https://emmaus-france.org/wp-content/uploads/2023/03/Emmaus_France.jpg,https://emmaus-france.org/acheter/,categorie_inconnue
Participer Ã  un chantier d'Ã©tÃ©,"Venez vivre l'""expÃ©rience EmmaÃ¼s"" ! Participer Ã  un chantier d'Ã©tÃ©

ğŸ”— En savoir plus : https://emmaus-france.org/chantier-ete/",,,,CrÃ©neaux rÃ©guliers â€” voir la page de lâ€™organisateur,,,true,,https://emmaus-france.org/wp-content/uploads/2023/03/une-chantier-jeunes.webp,https://emmaus-france.org/chantier-ete/,categorie_inconnue
Faire son service civique,"Partout en France on tâ€™attend chez EmmaÃ¼s ! Faire son service civique

ğŸ”— En savoir plus : https://emmaus-france.org/sengager/faire-son-service-civique/",,,,CrÃ©neaux rÃ©guliers â€” voir la page de lâ€™organisateur,,,true,,https://emmaus-france.org/wp-content/uploads/2023/03/benevoles-saint-denis.webp,https://emmaus-france.org/sengager/faire-son-service-civique/,categorie_inconnue
Devenir partenaire,"Aidez nous Ã  crÃ©er une sociÃ©tÃ© plus humaine et plus juste ! Devenir partenaire

ğŸ”— En savoir plus : https://emmaus-france.org/agir-avec-emmaus/devenir-partenaire/",,,,CrÃ©neaux rÃ©guliers â€” voir la page de lâ€™organisateur,,,true,,https://emmaus-france.org/wp-content/uploads/2023/03/Velos-Emmaus-Credit-Pierre-Faure-1.webp,https://emmaus-france.org/agir-avec-emmaus/devenir-partenaire/,categorie_inconnue
Offres d'emploi,"Candidatez dans un des groupes adhÃ©rents d'EmmaÃ¼s France Offres d'emploi

ğŸ”— En savoir plus : https://emmaus-france.org/jobs/",,,,CrÃ©neaux rÃ©guliers â€” voir la page de lâ€™organisateur,,,true,,https://emmaus-france.org/wp-content/uploads/2023/03/DSF3185-1024x768-1.webp,https://emmaus-france.org/jobs/,categorie_inconnue
RÃ©emploi et alternatives Ã©cologiques,"RÃ©emploi et alternatives Ã©cologiques

ğŸ”— En savoir plus : https://emmaus-france.org/nos-actions/reemploi-et-alternatives-ecologiques",,,,CrÃ©neaux rÃ©guliers â€” voir la page de lâ€™organisateur,,,true,,https://emmaus-france.org/wp-content/uploads/2023/03/Emmaus_France.jpg,https://emmaus-france.org/nos-actions/reemploi-et-alternatives-ecologiques,categorie_inconnue
CommunautÃ©s EmmaÃ¼s,"CommunautÃ©s EmmaÃ¼s

ğŸ”— En savoir plus : https://emmaus-france.org/nos-actions/communautes-emmaus",,,,CrÃ©neaux rÃ©guliers â€” voir la page de lâ€™organisateur,,,true,,https://emmaus-france.org/wp-content/uploads/2023/03/Emmaus_France.jpg,https://emmaus-france.org/nos-actions/communautes-emmaus,categorie_inconnue
Actions sociales et logement,"Actions sociales et logement

ğŸ”— En savoir plus : https://emmaus-france.org/nos-actions/actions-sociales-et-logement",,,,CrÃ©neaux rÃ©guliers â€” voir la page de lâ€™organisateur,,,true,,https://emmaus-france.org/wp-content/uploads/2023/03/Emmaus_France.jpg,https://emmaus-france.org/nos-actions/actions-sociales-et-logement,categorie_inconnue
Insertion par lâ€™emploi,"Insertion par lâ€™emploi

ğŸ”— En savoir plus : https://emmaus-france.org/nos-actions/insertion-par-lemploi",,,,CrÃ©neaux rÃ©guliers â€” voir la page de lâ€™organisateur,,,true,,https://emmaus-france.org/wp-content/uploads/2023/03/Emmaus_France.jpg,https://emmaus-france.org/nos-actions/insertion-par-lemploi,categorie_inconnue
Instagram,"

ğŸ”— En savoir plus : https://www.instagram.com/seventheen.coffee/",,,,CrÃ©neaux rÃ©guliers â€” voir la page de lâ€™organisateur,,,true,,,https://www.instagram.com/seventheen.coffee/,categorie_inconnue
Ã€ la une,"Ã€ la une 23/10/2025 SolidaritÃ© SantÃ© Grippe : ouverture de 3 centres de vaccination temporaires Face Ã  la recrudescence des cas de grippe, la MÃ©tropole du Grand Nancy et ses partenaires renforcent la prÃ©vention en ouvrant trois centres deâ€¦

ğŸ”— En savoir plus : https://www.grandnancy.eu/actualites/actualite/news/prevention-de-la-grippe-la-metropole-et-ses-partenaires-se-mobilisent",benevolat,,,CrÃ©neaux rÃ©guliers â€” voir la page de lâ€™organisateur,,,true,,https://www.nancy.fr/fileadmin/_processed_/b/0/csm_2025-10-23-vaccination-grippe_4b02a255f1.jpg,https://www.grandnancy.eu/actualites/actualite/news/prevention-de-la-grippe-la-metropole-et-ses-partenaires-se-mobilisent,bruit
Grippe : ouverture de 3 centres de vaccination temporaires,"23/10/2025 SolidaritÃ© SantÃ© Grippe : ouverture de 3 centres de vaccination temporaires 15/10/2025 S'impliquer Budget participatif : partagez vos idÃ©es pour construire ensemble Nancy en 2026 13/10/2025 Quartiers Cadre de vie JournÃ©es des quartiers : rÃ©unions publiques avec le maire et l'Ã©quipe municipale 23/09/2025 DÃ©marche administrative Cadre de vie SantÃ© SantÃ©, social, handicap SolidaritÃ© : la Ville de Nancy lance une mutuelle communale ouverte Ã  tous 27/10/2025 MobilitÃ©s, stationnements La nature dans la ville Parc de lâ€™Ancienne Voie FerrÃ©e et Urbanloop : la concertation entre en phase 2 14/10/2025 ActualitÃ©s La place Stan en LEGO : un rÃªve en briques Ã  soutenir ! Toutes les actus

ğŸ”— En savoir plus : https://www.grandnancy.eu/actualites/actualite/news/prevention-de-la-grippe-la-metropole-et-ses-partenaires-se-mobilisent",benevolat,,,CrÃ©neaux rÃ©guliers â€” voir la page de lâ€™organisateur,,,true,,https://www.nancy.fr/fileadmin/_processed_/b/0/csm_2025-10-23-vaccination-grippe_4b02a255f1.jpg,https://www.grandnancy.eu/actualites/actualite/news/prevention-de-la-grippe-la-metropole-et-ses-partenaires-se-mobilisent,bruit
Grippe : ouverture de 3 centres de vaccination temporaires,"23/10/2025 SolidaritÃ© SantÃ© Grippe : ouverture de 3 centres de vaccination temporaires

ğŸ”— En savoir plus : https://www.nancy.fr/accueil",benevolat,,,CrÃ©neaux rÃ©guliers â€” voir la page de lâ€™organisateur,,,true,,,https://www.nancy.fr/accueil,bruit
Budget participatif : partagez vos idÃ©es pour construire ensemble Nancy en 2026,"15/10/2025 S'impliquer Budget participatif : partagez vos idÃ©es pour construire ensemble Nancy en 2026

ğŸ”— En savoir plus : https://www.nancy.fr/actualites/detail-actualites/budget-participatif-partagez-vos-idees-pour-construire-ensemble-nancy-en-2026",,,,CrÃ©neaux rÃ©guliers â€” voir la page de lâ€™organisateur,,,true,,https://www.nancy.fr/fileadmin/_processed_/6/c/csm_2025-10-15-budget-participatif_3b8969eadf.jpg,https://www.nancy.fr/actualites/detail-actualites/budget-participatif-partagez-vos-idees-pour-construire-ensemble-nancy-en-2026,categorie_inconnue
Budget participatif : partagez vos idÃ©es pour construire ensemble Nancy en 2026,"15/10/2025 S'impliquer Budget participatif : partagez vos idÃ©es pour construire ensemble Nancy en 2026

ğŸ”— En savoir plus : https://www.nancy.fr/accueil",,,,CrÃ©neaux rÃ©guliers â€” voir la page de lâ€™organisateur,,,true,,,https://www.nancy.fr/accueil,categorie_inconnue
JournÃ©es des quartiers : rÃ©unions publiques avec le maire et l'Ã©quipe municipale,"13/10/2025 Quartiers Cadre de vie JournÃ©es des quartiers : rÃ©unions publiques avec le maire et l'Ã©quipe municipale

ğŸ”— En savoir plus : https://www.nancy.fr/actualites/detail-actualites/journees-des-quartiers-reunions-publiques-avec-le-maire-et-lequipe-municipale",,,,CrÃ©neaux rÃ©guliers â€” voir la page de lâ€™organisateur,,,true,,https://www.nancy.fr/fileadmin/_processed_/b/6/csm_2022-11-15-journees-des-quartiers-1200_00cffc6d78.jpg,https://www.nancy.fr/actualites/detail-actualites/journees-des-quartiers-reunions-publiques-avec-le-maire-et-lequipe-municipale,categorie_inconnue
JournÃ©es des quartiers : rÃ©unions publiques avec le maire et l'Ã©quipe municipale,"13/10/2025 Quartiers Cadre de vie JournÃ©es des quartiers : rÃ©unions publiques avec le maire et l'Ã©quipe municipale

ğŸ”— En savoir plus : https://www.nancy.fr/accueil",,,,CrÃ©neaux rÃ©guliers â€” voir la page de lâ€™organisateur,,,true,,,https://www.nancy.fr/accueil,categorie_inconnue
Parc de lâ€™Ancienne Voie FerrÃ©e et Urbanloop : la concertation entre en phase 2,"27/10/2025 MobilitÃ©s, stationnements La nature dans la ville Parc de lâ€™Ancienne Voie FerrÃ©e et Urbanloop : la concertation entre en phase 2

ğŸ”— En savoir plus : https://www.grandnancy.eu/actualites/actualite/news/parc-de-lancienne-voie-ferree-la-concertation-entre-en-phase-2",,,,CrÃ©neaux rÃ©guliers â€” voir la page de lâ€™organisateur,,,true,,https://www.nancy.fr/fileadmin/_processed_/7/0/csm_2025-27-10-urbanloop_cf5fb4a2ec.jpg,https://www.grandnancy.eu/actualites/actualite/news/parc-de-lancienne-voie-ferree-la-concertation-entre-en-phase-2,bruit
Parc de lâ€™Ancienne Voie FerrÃ©e et Urbanloop : la concertation entre en phase 2,"27/10/2025 MobilitÃ©s, stationnements La nature dans la ville Parc de lâ€™Ancienne Voie FerrÃ©e et Urbanloop : la concertation entre en phase 2

ğŸ”— En savoir plus : https://www.nancy.fr/accueil",,,,CrÃ©neaux rÃ©guliers â€” voir la page de lâ€™organisateur,,,true,,,https://www.nancy.fr/accueil,bruit
La place Stan en LEGO : un rÃªve en briques Ã  soutenir !,"14/10/2025 ActualitÃ©s La place Stan en LEGO : un rÃªve en briques Ã  soutenir !

ğŸ”— En savoir plus : https://www.nancy.fr/actualites/detail-actualites/la-place-stan-en-lego-un-reve-en-briques-a-soutenir",,,,CrÃ©neaux rÃ©guliers â€” voir la page de lâ€™organisateur,,,true,,https://www.nancy.fr/fileadmin/_processed_/4/7/csm_2025-10-14-place-stanislas-lego_97adf67c33.jpg,https://www.nancy.fr/actualites/detail-actualites/la-place-stan-en-lego-un-reve-en-briques-a-soutenir,categorie_inconnue
La place Stan en LEGO : un rÃªve en briques Ã  soutenir !,"14/10/2025 ActualitÃ©s La place Stan en LEGO : un rÃªve en briques Ã  soutenir !

ğŸ”— En savoir plus : https://www.nancy.fr/accueil",,,,CrÃ©neaux rÃ©guliers â€” voir la page de lâ€™organisateur,,,true,,,https://www.nancy.fr/accueil,categorie_inconnue
Proposer un Ã©vÃ©nement,"Proposer un Ã©vÃ©nement

ğŸ”— En savoir plus : https://formulaires.demarches.g-ny.eu/agenda-mutualise/agenda-proposer-un-evenement/",,,,CrÃ©neaux rÃ©guliers â€” voir la page de lâ€™organisateur,,,true,,,https://formulaires.demarches.g-ny.eu/agenda-mutualise/agenda-proposer-un-evenement/,categorie_inconnue
,"

ğŸ”— En savoir plus : https://www.nancy.fr/accueil",,,,CrÃ©neaux rÃ©guliers â€” voir la page de lâ€™organisateur,,,true,,https://agenda-static.grandnancy.eu/fichiers/S-TYPO3/searching.svg,https://www.nancy.fr/accueil,categorie_inconnue
MÃ©tropoly nÂ°109,"Magazines, derniÃ¨res publications 27/10/2025 Publications MÃ©tropole MÃ©tropoly nÂ°109 14/10/2025 Publications Tourisme Visit Nancy NÂ°7 29/08/2025 Publications Nancy mag NancyMag #09 Toutes les publications

ğŸ”— En savoir plus : https://www.nancy.fr/publications",,,,CrÃ©neaux rÃ©guliers â€” voir la page de lâ€™organisateur,,,true,,https://www.nancy.fr/fileadmin/_processed_/d/0/csm_metropoly-1200_b8a94390a3.png,https://www.nancy.fr/publications,categorie_inconnue
MÃ©tropoly nÂ°109,"27/10/2025 Publications MÃ©tropole MÃ©tropoly nÂ°109

ğŸ”— En savoir plus : https://www.nancy.fr/publications/detail-publications/metropoly-n109",,,,CrÃ©neaux rÃ©guliers â€” voir la page de lâ€™organisateur,,,true,,https://www.nancy.fr/fileadmin/_processed_/d/0/csm_metropoly-1200_b8a94390a3.png,https://www.nancy.fr/publications/detail-publications/metropoly-n109,categorie_inconnue
MÃ©tropoly nÂ°109,"27/10/2025 Publications MÃ©tropole MÃ©tropoly nÂ°109

ğŸ”— En savoir plus : https://www.nancy.fr/accueil",,,,CrÃ©neaux rÃ©guliers â€” voir la page de lâ€™organisateur,,,true,,,https://www.nancy.fr/accueil,categorie_inconnue
Visit Nancy NÂ°7,"14/10/2025 Publications Tourisme Visit Nancy NÂ°7

ğŸ”— En savoir plus : https://media.grandnancy.eu/permalink/v1/1/121020/document/MGN_visit_nancy_7.pdf?token=M76XYA6Pt3ifVEtUvw5xsJSdn70jHPyCqfscGEUBJcp62Sl4qliyBak6pGEkg6EB",,,,CrÃ©neaux rÃ©guliers â€” voir la page de lâ€™organisateur,,,true,,https://www.nancy.fr/fileadmin/_processed_/e/0/csm_2025-10-visite-nancy-7-1200_be29818b04.jpg,https://media.grandnancy.eu/permalink/v1/1/121020/document/MGN_visit_nancy_7.pdf?token=M76XYA6Pt3ifVEtUvw5xsJSdn70jHPyCqfscGEUBJcp62Sl4qliyBak6pGEkg6EB,categorie_inconnue
Visit Nancy NÂ°7,"14/10/2025 Publications Tourisme Visit Nancy NÂ°7

ğŸ”— En savoir plus : https://www.nancy.fr/accueil",,,,CrÃ©neaux rÃ©guliers â€” voir la page de lâ€™organisateur,,,true,,,https://www.nancy.fr/accueil,categorie_inconnue
NancyMag #09,"29/08/2025 Publications Nancy mag NancyMag #09

ğŸ”— En savoir plus : https://www.nancy.fr/publications/detail-publications/nancymag-09-1",,,,CrÃ©neaux rÃ©guliers â€” voir la page de lâ€™organisateur,,,true,,https://www.nancy.fr/fileadmin/_processed_/5/a/csm_2025-09-n-mag-009_ca166c4f6d.png,https://www.nancy.fr/publications/detail-publications/nancymag-09-1,categorie_inconnue
NancyMag #09,"29/08/2025 Publications Nancy mag NancyMag #09

ğŸ”— En savoir plus : https://www.nancy.fr/accueil",,,,CrÃ©neaux rÃ©guliers â€” voir la page de lâ€™organisateur,,,true,,,https://www.nancy.fr/accueil,categorie_inconnue
MJC Nancy |,"EvÃ©nements ActivitÃ©s Nos incontournables Cie Anes Stram Gram Demandez le programme DonkÃ© Festival 2Days La Fanfare des enfants du boucher Le Pâ€™tit Bazâ€™Art Nuit vidÃ©o Expositions Centre de loisirs Les mercredis Les vacances Et aussi Autour du livre Galeries Accueil dâ€™associations Studios et locaux de rÃ©pÃ©tition Salles de spectacle MJC Nancy SÃ©lectionner une page + d'infos + d'infos [tribe_events view= Â»photo Â» ecs-list-events exclude_cat=â€™expositionâ€™]

ğŸ”— En savoir plus : https://www.mjcnancy.fr/",,,,CrÃ©neaux rÃ©guliers â€” voir la page de lâ€™organisateur,,,true,,,https://www.mjcnancy.fr/,culture
Pacte dâ€™accueil,"Pacte dâ€™accueil Afin de vous offrir les services ""plus"" qui contribueront au succÃ¨s de votre manifestation, nous mettons en Å“uvre des partenariats avec les acteurs du tourisme, de lâ€™hÃ´tellerie et du commerce dans le Grand Nancy.

ğŸ”— En savoir plus : https://destination-nancy.com/le-pacte-daccueil/",,,,CrÃ©neaux rÃ©guliers â€” voir la page de lâ€™organisateur,,,true,,https://destination-nancy.com/wp-content/uploads/2018/04/icone4.png,https://destination-nancy.com/le-pacte-daccueil/,categorie_inconnue
