Nom,Catégorie,Organisation,Site web,Contact,Adresse,Type,Calendrier,start_date,end_date,Notes,Photo
Grande épicerie générale Nancy ,Entreprendre,Grande épicerie générle,www.grandeepiceriegenerale.fr,contact@grandeepiceriegenerale.fr,"88 avenue du XXème corps, 54000 Nancy",,,,,"Le supermarché participatif repose sur l’engagement régulier des coopératrices et coopérateurs qui permet une offre différente, une alternative à la grande distribution. 

Pour pouvoir faire ses courses, il faut participer trois heures toutes les quatre semaines et prendre à minima une part sociale : vous devenez propriétaire du magasin. 

En plus de ces trois heures par mois, vous pouvez vous engager davantage en participant à un groupe de travail : il s’agit de participer activement à faire grandir notre coopérative et améliorer le service offert aux coopératrices et coopérateurs.

Quelles sont nos valeurs ?

    Un magasin coopératif. Les statuts de la coopérative ont été adoptés en assemblée générale. Vous pouvez consulter nos statuts.
    Nous choisissons nous même nos produits : en privilégiant l’éthique, le local, le bio, les circuits courts mais pas seulement. Nous cherchons aussi à proposer des produits pour toutes les bourses.
    Nous privilégions la convivialité et le lien social.
    Transparence des prix : une marge unique de 25% sur tous nos produits. Nous ne jouons pas sur les marges pour attirer le client.
    Juste rémunération des fournisseurs : nous achetons nos produits au prix juste et nous sommes fidèles à nos producteurs.
    Une personne = une voix. Nos décisions sont prises collégialement du groupe de travail à l’assemblée générale. Un fonctionnement démocratique qui peut parfois prendre du temps mais qui garantit un projet porté par tous et à but non lucratif.
",
Garage solidaire,Aider,garage solidaire,Garage Solidaire de Lorraine,accueil@garagesolidairelorraine.fr,"33 avenue de la Meurthe, 54000 Maxéville",,,,," Le début d'une belle histoire

Le Garage Solidaire de Lorraine est une association née en 2017, portée par une vision forte : rendre la mobilité accessible à tous et aider les plus en difficultés à trouver un emploi et leur place dans la société. Issu d’une collaboration entre plusieurs acteurs majeurs du monde de l’insertion et de la solidarité, le Garage Solidaire de Lorraine s’engage à promouvoir une mobilité économique, solidaire, locale et circulaire et un emploi durable.
Garage Solidaire de Lorraine
Le Garage Solidaire : Un Chantier pour Réinventer votre Futur

Le Garage Solidaire de Lorraine est bien plus qu’un simple atelier : c’est aussi un Atelier Chantier d’Insertion. Il offre à des personnes éloignées de l’emploi l’opportunité de retrouver le chemin du travail grâce à un accompagnement sur une durée de deux ans.

Tout au long de ce parcours, elles bénéficient d’un soutien social et professionnel, leur permettant de construire un projet solide. Elles ont également l’occasion d’acquérir, valider et perfectionner leurs compétences.

Encadrées par une équipe pluridisciplinaire de professionnels aguerris, ces personnes avancent pas à pas vers leur réussite professionnelle.

Envie de changer les choses ? Rejoignez-nous et participez à cette belle aventure solidaire !

Les candidatures se font sur la plateforme de l’inclusion.
Garage Solidaire de Lorraine
Des services accessibles au plus grand nombre

Le Garage Solidaire de Lorraine permet également au plus grand nombre de se déplacer, en entretenant ou en réparant son véhicule ou encore en l’achetant ou en le louant. Nous nous efforçons de trouver la solution la plus économique possible et vous conseillons sur les différentes options. 

Les personnes orientées par des professionnels de l’emploi ou du travail social bénéficient de remises sur nos prestations d’atelier. 

Venir au Garage Solidaire de Lorraine, quelque soit ses revenus, c’est participer à notre action solidaire et écologique. 
",
Tricot Couture Service,Aider,Tricot Couture Service,https://www.tricotcoutureservice.org/,tricot–couture–services@orange.fr,"17 Rue de Bavière

54500 Vandœuvre-lès-Nancy",,,,,"TCS, Tricot Couture Service, est une association engagée pour favoriser l'insertion professionnelle et sociale des personnes en situation de fragilité. Sa mission principale est de promouvoir une société inclusive où chacun peut trouver sa place. Par le biais de chantiers d'insertion, comme ceux dédiés à la couture, au recyclage, et à la création d'articles en tissu, TCS offre des emplois adaptés et des espaces de parole ouverts à tous, permettant ainsi aux individus de se reconnecter à la vie sociale et professionnelle.

​

En luttant contre toutes les formes de discrimination, TCS contribue à la construction d'une société plus équitable et juste, où l'inclusion sociale n'est pas seulement une valeur, mais une réalité. L'association accorde une importance primordiale à l'accompagnement personnalisé de chaque personne, répondant aux besoins spécifiques des individus en fonction de leurs parcours de vie et de leurs aspirations.

​

Enfin, TCS innove en développant un laboratoire de cohésion sociale et en lançant un fonds d'innovation sociale. Cette initiative vise à mobiliser les investisseurs pour générer des impacts sociaux et environnementaux significatifs, tout en renforçant la capacité financière et opérationnelle de l'association. Tricot Couture Services (TCS) est une association d’économie sociale et solidaire dédiée à l’insertion sociale et professionnelle de personnes éloignées de l’emploi. Basée à Vandœuvre-lès-Nancy et Maxéville, l'association œuvre depuis 2005 pour offrir un cadre de pré-emploi structurant aux individus en difficulté, les aidant à acquérir un rythme et des compétences de travail. À travers ses ateliers de couture, tricot, broderie, et patchwork, TCS favorise également le lien social en rassemblant des publics de tout âge et de tout horizon autour d’activités créatives.

Au-delà de l'insertion professionnelle, l’association cherche à créer une communauté inclusive et solidaire, proposant des ateliers associatifs où les participants échangent des savoir-faire, développent des compétences pratiques et renforcent leur confiance en eux. En produisant des articles sur commande, TCS répond aussi aux besoins des collectivités locales, tout en soutenant une économie circulaire et responsable.

Tricot Couture Services incarne ainsi un modèle d’inclusion sociale qui allie solidarité, transmission de savoir-faire, et développement d’une économie de proximité.",
Le Relais,Ecologiser,,https://www.lerelais.org/?fbclid=IwdGRjcAM_sjFjbGNrAz-yLWV4dG4DYWVtAjExAAEeaFC89ZrxEhD1nwMVPOF1UcNX3W-wMDG5Q1Q8JQY3qxKlTJEnJfmyuKE0ZXU_aem_aDAaf9HebONI0f_eGbGIzQ,,"6 Rue de la Mortagne, 54520 Laxou",,,,,"COMMENT FONCTIONNE LE RELAIS ?
Le Relais collecte chaque jour les textiles usagés
via un réseau de plus de 800 bornes réparties sur le
territoire. Les vêtements et accessoires récoltés sont
centralisés au centre de tri d’Allain près de Colombey,
où ils suivent différents circuits. Les pièces en bon état
sont conditionnées pour rejoindre nos boutiques de
Dommartin ou Laxou. Les autres textiles sont recyclés :
les jeans deviennent des isolants grâce à Métisse, notre filiale spécialisée ;
le coton est découpé en chiffons pour l’industrie. Le reste est transformé
en combustible solide de récupération (CSR).
DING FRING LAXOU A OUVERT FIN AOÛT.
QU’Y TROUVE-T-ON ?
Des articles en excellent état, parfois neufs : vêtements basiques, marques
recherchées, pièces vintage, accessoires, bijoux... L’idée est d’offrir un
choix varié pour tous les budgets, qu’il s’agisse d’étudiants, de familles
nombreuses ou d’amateurs de seconde main. Acheter en friperie, c’est bon
pour le porte-monnaie, mais c’est aussi participer à un cercle vertueux,
un modèle d’économie circulaire qui offre en plus un tremplin vers
l’emploi : un tiers de nos salariés sont en insertion, et tous peuvent devenir
sociétaires après cinq ans, puisque le Relais est une coopérative.",
Le Noël vert du Grand Nancy,Ecologiser,Métropole du Grand Nancy,,,"Salle Gentilly,
11 avenue du Rhin à Nancy",,"du 29 novembre au 30 novembre 2025, de 10h à 18h",2025-11-29,2025-11-30,"Il est de retour ! La Métropole du Grand
Nancy vous donne rendez-vous pour la
quatrième édition de son Marché de Noël
écoresponsable. Venez à la rencontre
d'une soixantaine d'exposants, créateurs,
artisans et producteurs locaux. Ils vous
proposeront mille et une idées pour des
fêtes plus respectueuses de la planète.",
Le Fourgon,Ecologiser,,https://www.lefourgon.com/fr,,"10 All. des Noires Terres, 54425 Pulnoy",,,,,"Pourquoi Le Fourgon ?
Qui sommes-nous ?

Le Fourgon, c’est avant tout des passionnés qui ont décidé d’unir leurs forces pour remettre au goût du jour la consigne en France et se spécialiser dans la livraison de produits consignés à domicile et au bureau afin de proposer une solution simple et sans contrainte pour faire des courses sans déchets.

Pour quelle raison ? Les poubelles recyclables se remplissent plus vite qu’elles ne se vident, sans qu’aucune solution simple et efficace n’existe pour permettre à chacun de réduire ses déchets et en particulier les bouteilles. En effet, ce n’est pas moins de 36 millions de bouteilles plastiques qui sont achetées chaque jour en France, alors que l’objectif est de réduire de 50% le nombre de bouteilles en plastique à usage unique d’ici à 2030 (source : ecologie.gouv.fr).

Voici le détail de notre concept en vidéo :
Le Fourgon, service de livraison de produits consignés
Notre manifeste
avant après le fourgon
Le Fourgon n’aurait jamais dû exister

Il y a 40 ans, la consigne était encore la norme en France, notamment pour les livreurs de lait ou les brasseurs. Mais avec l’émergence de la grande distribution, le marché des courses a peu à peu basculé vers des emballages à usage unique, en particulier avec l’arrivée massive des bouteilles en plastique. Au fil des années, les laveuses de bouteilles consignées ont disparu du paysage français, laissant place à un nouveau modèle de consommation, qui génère aujourd’hui plus de 19 milliards de bouteilles par an en France…
Pourquoi le recyclage ne suffit pas
dégâts du plastique

    “573 kg de déchets par an” : c’est ce qui est produit par habitant en France

    “100% recyclable” : vraiment ? Cette mention autorisée sur les produits dont l’emballage peut être recyclé à 95%. Or : ces 5% empêchent bien souvent le recyclage de l’emballage entier. Au final, 65% des bouteilles et flacons en plastique sont recyclables, et seulement 59% sont recyclés ! (source : citeo)Consignes : Le Fourgon lance sa propre marque
L’entreprise Le Fourgon propose 720 références conditionnées dans des contenants en verre consignés et réutilisables. Installée à Pulnoy depuis deux ans et demi, elle livre dans un rayon de 30 km autour de Nancy avec quatre véhicules électriques.
L'Est Républicain - 06 sept. 2025 à 16:38 - Temps de lecture : 2 min
 | 
Bertrand Mangin et le lait stérilisé, nouvellement référencé.
Bertrand Mangin et le lait stérilisé, nouvellement référencé.

Nous proposons 720 références. À terme, nous devrions atteindre les 1 000 », se réjouit Bertrand Mangin, directeur de l’entreprise Le Fourgon, installée depuis 2 ans et demi à Pulnoy.

L’établissement propose une gamme de produits conditionnés exclusivement dans des contenants réutilisables et consignés. Depuis peu, un grand nombre de produits sélectionnés a désormais sa marque propre. Sur l’étiquette logotée Le Fourgon, l’appellation est précédée de « bon » ou « bonne ». Toutes les familles, tous les formats, sont concernées.

Les grandes nouveautés : le lait stérilisé, « une petite révolution, il ne s’altère pas » et le cola, fabriqué en Alsace.

« La grande majorité de la gamme est d’origine locale, quand c’est possible, poursuit Bertrand Mangin. Tous les contenants sont en verre consigné (même celui de la brosse à dents !), qui est trié par notre équipe, lavé chez le fournisseur ou chez un spécialiste, dans la région et réutilisé. Le principe : commander en ligne, choisir ses date et heure de livraison, le jour même éventuellement. »

Nouveauté, il n’y a pas d’avance de consigne. La livraison est gratuite.

Six personnes, dont des étudiants, sont à la préparation des commandes et au volant des quatre véhicules électriques de livraison. « Les livraisons se font dans un cercle de 30 km de rayon autour de Nancy : Toul, Lunéville, Pont-à-Mousson. À l’étude, des livraisons éloignées ponctuelles, Épinal par exemple. »

Les clients peuvent venir chercher leurs commandes en drive. Le Fourgon est partenaire de Nancy Jazz Pulsations, approvisionne certains restaurateurs et fournit le nécessaire pour des évènements privés avec une nouveauté, la tireuse à bière. « Le client peut choisir sa marque », souligne le directeur.

    “73,6% du plastique n’est pas recyclé” : trier ses déchets ne suffit pas. Il est essentiel d’agir à chaque échelle pour réduire nos déchets.

Le meilleur déchet est celui qu’on ne produit pas.
Notre mission

“Rendre la consigne accessible à tous”.
la consigne pour tous

Aujourd’hui, avec les enjeux climatiques que nous connaissons, les mentalités évoluent et 90% des français sont favorables à la remise en place du système de consigne en France afin de réduire leurs déchets pour l’ensemble de leurs courses.

Tous les jours, de nouveaux consommateurs rejoignent le mouvement de la consigne et se font livrer à domicile leurs courses consignées, ce qui nous permet d’avoir un réel impact. Depuis sa création, Le Fourgon a permis de réemployer plus de 30 millions de contenants consignés, soit une économie de 11 100 tonnes de CO2 (1 bouteille = 370g d’économisés).
Pourquoi Le Fourgon ?

Choisir Le Fourgon, c’est opter pour :

    Beaucoup moins de déchets

“Le meilleur déchet, c’est celui que l’on ne produit pas”

Avec Le Fourgon, vous réduisez considérablement vos déchets, puisque tous nos produits sont consignés. Une fois récupérés, ces derniers sont nettoyés afin d’être remployés.

Pour avoir plus d’informations, c’est par ici !

    Moins de kilomètres, plus de local

Dans le respect de notre démarche, nous avons favorisé les acteurs locaux dans le choix de nos produits, afin de limiter le nombre de kilomètres parcourus pour la réception des produits.

C’est pour cela que vous trouverez dans notre offre une majorité de produits qui se situent à moins de 150km de nos entrepôts. Ainsi, selon l’endroit où vous souhaitez vous faire livrer, les produits proposés seront différents.

Cliquez ici pour en savoir plus !

    Vraiment moins de CO2

Et oui, utiliser des produits consignés au lieu de produits recyclés permet d’économiser 79% de CO2, 33% d’eau et 75% d’énergie !

En effet, par exemple, une bouteille consignée peut être réemployée jusqu’à 40 fois, et ne nécessite pas d’être fondu jusqu’à 1500 degrés pour être reconstituée. 

    Une utilisation simplissime

Avec Le Fourgon, vous optez pour la simplicité ! Chez nous, pas besoin d’abonnement pour pouvoir commander vos produits consignés préférés. Il vous suffit simplement de vous rendre sur notre site internet ou sur notre application mobile, et de remplir au minimum une caisse de 12 grands contenants parmi nos boissons (eau, soda, lait, bière, jus, etc), nos produits d’épicerie (pâtes, riz, conserves, petit dej & goûter, soupe, etc) ou enfin nos produits pour la maison (hygiène & beauté, entretien, etc) ou de 20 petits contenants. Et la livraison est gratuite à partir de 40€ d’achat pour tous nos clients !

Cliquez sur ce lien pour en savoir plus sur la livraison le jour-même.

Alors, vous montez à bord du Fourgon ? Comment cela marche ?

Pour adhérer au projet, devenir client et bénéficier d’une livraison à domicile de vos courses consignées, rien de plus simple. Il vous suffit simplement de vous rendre sur notre site ou notre application mobile, de créer un compte et de suivre les étapes suivantes :

    Sélectionnez les produits de votre choix parmi notre large gamme
    Complétez au moins une caisse (de 12 grands ou de 20 petits produits)
    Commandez vos courses consignées qui vous seront livrés le jour même à domicile

Lors de notre prochain passage, nous vous déposons votre nouvelle commande et récupérons vos caisses et produits vides, tout en créditant votre cagnotte des consignes récupérées. Pratique non ?
Et la consigne, comment cela fonctionne ?

La consigne c’est très simple ! Il s’agit d’une caution que le particulier règle lors de l’achat d’un produit. Cette somme lui est remboursée dès qu’il rend son produit ou sa bouteille consignée vide.

Chez Le Fourgon, le principe est presque le même, à un détail près. La consigne n’est pas obligatoirement débitée lorsque vous achetez les produits consignés. En effet, si vous restituez vos contenants dans les 60 jours suivant votre dernière commande, aucun débit ne sera effectué pour la consigne. Cependant, en cas de conservation des contenants au-delà de cette période, le montant de la consigne sera débité de votre compte bancaire. Mais nous vous assurons que, quel que soit le scénario, même si vous rendez les contenants après les 60 jours, le remboursement intégral de la consigne sera effectué une fois les caisses rendues. Cette approche vise à assurer la sécurisation du retour de nos caisses et produits consignés.
Le parcours des produits
parcours des bouteilles

Vous vous interrogez sur le parcours des produits ? Et bien lorsque vous passez commande sur notre site ou notre application mobile, nos préparateurs et nos livreurs s’occupent de compléter les caisses avec les produits sélectionnés par vos soins, et de les charger à bord de leur fourgon électrique.

Les livreurs partent ensuite en tournée, et viennent vous livrer gratuitement vos courses à domicile, tout en profitant de récupérer vos produits consignés vides au passage. Vous serez ainsi immédiatement crédités du montant de la consigne sur votre compte Le Fourgon.

La suite du processus est très simple : nous répartissons les produits auprès de nos différents partenaires de lavage, afin que ces derniers s’occupent de les nettoyer. Ils sont ensuite rapportés auprès de nos producteurs locaux, afin d’être remplis, et réemployés !
Les bénéfices de la consigne

Grâce à la consigne, les produits sont réemployés plus de 40 fois, ce qui permet d’être 2 à 3 fois moins impactant que les autres contenants et de générer beaucoup moins de déchets. Et ça, c’est un grand pas pour la planète !

Chaque produit réemployé avec Le Fourgon permet d’économiser 75% d’énergie, 79% de CO² et 33% d’eau par rapport à un produit recyclé.

Et pour confirmer ces bénéfices, nous avons mené une étude d’Analyse du Cycle de Vie (ACV). Elle montre que :

    Dès 3 réutilisations, la bouteille réemployée a un meilleur impact global sur la planète et le vivant que la bouteille à usage unique en verre et en plastique PET
    Dès 4 réutilisations, la bouteille réemployée a un meilleur impact que la canette aluminium.
    Dès 6 réutilisations, la bouteille réemployée a un meilleur impact que la bouteille en plastique HDPE et l’emballage Tetra Pak® incluant les données de remplissage.
    Sur l’utilisation des ressources en eau, la bouteille en verre réemployée consomme moins d’eau que la bouteille en plastique PET et HDPE au bout de 2 à 3 réutilisations.

impact de la consigne
Notre plus : le fourgon électrique !

Dans cette démarche écologique, nous avons fait le choix d’opter pour des véhicules 100% électriques pour nos livraisons. Selon nous, cette option est celle qui est la plus en adéquation avec ce concept et nos valeurs et est une meilleure alternative aux voitures thermiques.

En effet, le secteur des transports est responsable de 30% des émissions de gaz à effet de serre en France (source : ADEME ). Les véhicules électriques font partie des solutions pour diminuer ses émissions avec un impact carbone 2 à 3 fois inférieur à celui d’un modèle similaire thermique.
fourgon électrique

Nos fourgons électriques consomment donc moins de CO² lors de leurs usages quotidiens. Cela diminue aussi le nombre de particules fines dans l’air qui sont toxiques pour les êtres vivants et réduit la pollution sonore existante dans les zones péri-urbaines. Et pour limiter l’impact du rechargement de nos fourgons, nous avons souscrit à des contrats verts. Une sensibilisation des équipes est aussi réalisée pour pratiquer l’éco-conduite et recharger les véhicules la nuit (source : ADEME)

En effet, une étude de l’ONG Transport & Environment (T&E) publiée en avril 2020 prouvant qu’une voiture électrique émet 77 % de CO2 en moins qu’un véhicule thermique, nous conforte dans notre choix.
Une livraison optimisée

Toutes nos tournées sont optimisées afin que nos livreurs parcourent le moins de kilomètres possible. De plus, nous profitons de la livraison pour récupérer les produits vides de nos clients, afin d’optimiser au mieux nos passages !

Alors, qu’attendez-vous pour faire vos courses chez Le Fourgon ?
",
Don de sang,Aider,Etablissement français du sang,https://dondesang.efs.sante.fr/grand-est/maison-du-don-de-nancy,0 800 10 99 00,"85/87 Boulevard Lobau, 54000 Nancy",,,,,"La santé de nombreux patients dépend chaque jour des dons de sang, de plasma
et de plaquettes : aucun produit artificiel ne peut les remplacer. À Nancy, la Maison
du Don située au 85-87 boulevard Lobau vous accueille du lundi au vendredi de 8h
à 19h et le samedi de 8h à 16h.
Chaque don compte ! Le geste est simple : inscription, entretien médical,
prélèvement et collation, le tout en moins d’une heure. Il suffit d’être en bonne santé,
d’avoir plus de 18 ans et de se munir d’une pièce d’identité.
La durée de vie des produits sanguins est limitée, la régularité des donneurs est
donc essentielle pour garantir les soins. Un petit geste pour vous, un grand secours
pour les malades !
Et du lundi 17 au samedi 22 novembre 2025, participez à la Grande semaine du don
à la Maison du don de Nancy : animations et collation gourmande après votre don",
Créer une entreprise,Entreprendre,CCI Meurthe-et-Moselle,https://www.nancy.cci.fr/evenement/reunion-dinformation-pret-vous-lancer-0,creation@nancy.cci.fr,51-53 rue Stanislas à Nancy,,,mardi 9 décembre 2025,mardi 9 décembre 2025,"

Vous avez une idée de création d’entreprise mais vous ne savez pas par où commencer ? 

La CCI GNM 54 anime tous les mois une réunion d’information « prêt à vous lancer » gratuite à l’intention des futurs créateurs.

 

Prochaine session : mardi 09 décembre 2025 à 9h30

Ce rendez-vous d’échanges vous permettra d’obtenir les informations générales essentielles :

 

1. Comment transformer votre idée en une entreprise rentable ?

    Quelles sont les étapes à suivre ?
    Quelles sont les formes juridiques ?
    Quelles sont les aides ?
    Comment immatriculer l’entreprise ?

 

2. Quels sont les facteurs-clés de réussite ?

3. Que signifie « devenir chef d’entreprise » ?

 

Participation gratuite – Inscription sur place le jour de la réunion.",
"Jimily, la box anniversaire qui donne un coup de pouce aux parents ",Belles Histoires,Jimily,https://jimily.fr/,,"JIMILY, 7 RUE LOUIS PASTEUR 54770 DOMMARTIN-SOUS-AMANCE",,,,,"Charline Didrat crée Jimily pour faciliter l’anniversaire des enfants
Charline Didrat a lancé Jimily en septembre 2024, une entreprise proposant des box thématiques clé en main pour organiser l’anniversaire des enfants.
L'Est Républicain - 06 mars 2025 à 23:03 - Temps de lecture : 2 min
 | 
Des box élégantes pour des anniversaires organisés dans un temps record.
Des box élégantes pour des anniversaires organisés dans un temps record.

C’est l’anniversaire du petit, comment tout planifier ? Charline Didrat à la réponse puisqu’elle vient de créer une société dédiée à cette organisation grâce à des box thématiques clé en main.

Après des études en communication et deux expériences professionnelles au sein d’une association, puis d’une entreprise, Charline Didrat a choisi de voler de ses propres ailes.
Accompagnée au niveau local

En septembre 2024, elle quitte son emploi pour mettre ses idées en pratique. D’abord au niveau local, bien accompagnée par l’association Village BY CA, elle fonde alors Jimily. Son objectif, offrir aux parents une solution complète pour fêter sans stress l’anniversaire de leurs enfants.

Elle propose deux gammes de box s’adaptant à l’âge des enfants, 4-7 ans et 7-11 ans. La créatrice entend bien rayonner dans toute la France. Les box contiennent des supports d’activités favorisant la créativité, l’imagination, la manipulation et la coopération. La partie matérielle est également soignée avec les invitations, les couverts, des petits cadeaux pour les invités, et un guide pour accompagner les parents dans toute l’organisation.
Besançon - Procès Péchier : ""Je suis contente si je lui ai fait mal"", la fille de Laurence Nicod a interpellé l'accusé
Des articles alsaciens

Charline Didrat s’est également engagée à confectionner les box uniquement avec des produits locaux ou français, une façon de soutenir l’économie locale. Les imprimés et les boîtes sont confectionnés à Nancy et les articles de fête sont alsaciens. Le décor des boîtes et les documents sont imprimés de façon à offrir après la fête des supports originaux à peindre ou colorier.

Entre la commande et la livraison sur le site www.jimily.fr, la box sera livrée au plus tard dans les six jours. Les tarifs vont de 62,90 € à 99,90 € en fonction du nombre d’enfants et des prestations choisies.  Jimily, la box anniversaire qui donne un coup de pouce aux parents
En octobre dernier, Charline Didrat a lancé son projet de box à destination des parents qui souhaiteraient organiser l’anniversaire de leur enfant à la maison. Avec ce concept, la Dommartinoise a été lauréate du concours national « 101 femmes entrepreneures » pour le département.
Anthony Guille - 27 juin 2025 à 17:00 | mis à jour le 27 juin 2025 à 19:13 - Temps de lecture : 2 min
 | 
Dans chaque box Jimily, des activités ludiques, de la vaisselle, des décorations en lien avec une thématique, des cadeaux pour les invités… « Cela donne un vrai coup de pouce aux parents », lâche Charline Didrat.
Dans chaque box Jimily, des activités ludiques, de la vaisselle, des décorations en lien avec une thématique, des cadeaux pour les invités… « Cela donne un vrai coup de pouce aux parents », lâche Charline Didrat.

Tous les parents le savent, l’organisation d’une fête d’anniversaire pour son petit bout d’chou demande du temps et de l’imagination. En tant que maman, la Dommartinoise Charline Didrat s’est demandée comment faciliter la tâche des parents dans l’organisation de fêtes.

Et voilà comment Jimily est né. « J’ai choisi ce nom car il évoquait mes parents Joseline et Michel », explique au bout du fil Charline Didrat, « et puis, cela rimait avec family (famille en anglais, NDLR). La famille est vraiment au cœur du projet ».
« Les parents restent vraiment au cœur de la fête »

Le projet, c’est celui d’une box anniversaire à destination des parents. « Parfois, un parent a envie d’organiser l’anniversaire de son enfant à la maison mais n’a pas forcément le temps ni les idées », explique Charline Didrat, « cette box leur donne un coup de pouce ».
Besançon - Procès Péchier : la réaction de l'avocat de Tedy

Please close pop-out player to resume playback.

Concrètement, les parents se rendent sur le site de Jimily pour commander leur kit d’anniversaire en choisissant une thématique (magie, dinosaure, princesse, pirate, licorne, safari…), l’activité (manuelle ou chasse au trésor), le nombre d’enfants invités (six, huit ou douze) et la tranche d’âge (4-7 ans ou 7-11 ans).

Ils reçoivent ensuite chez eux une box anniversaire avec décorations, vaisselle, cartes d’invitations et cadeaux pour les enfants. Ne reste plus qu’à acheter le gâteau, les bonbons et les boissons. « On apporte de l’aide aux parents dans les préparatifs mais ils restent vraiment au cœur de la fête en animant les activités », poursuit Charline Didrat.
Reçue par le Premier ministre

Convaincue par son concept, cette habitante de Dommartin-sous-Amance n’a pas hésité à quitter son poste de responsable commercial pour se lancer à fond dans ce projet en octobre dernier. Après avoir envoyé son kit à plusieurs familles pour qu’elles le testent et avoir un retour d’expériences, Charline Didrat a débuté la phase de commercialisation en mars.

Quelques semaines plus tard, ce projet qui lui tenait tant à cœur a même tapé dans l’œil du jury des « 101 femmes entrepreneures » qui avait à choisir les lauréates de chaque département parmi 900 candidates. C’est le projet de la Dommartinoise qui a été retenue pour la Meurthe-et-Moselle. « Je ne m’y attendais pas, c’est une belle surprise », confie Charline Didrat, reçue comme les autres lauréates par le Premier ministre, François Bayrou, la semaine dernière à Matignon.

Une belle reconnaissance pour la Dommartinoise. « Cela va permettre de faire connaître le projet », reprend Charline Didrat, « l’objectif maintenant, c’est de commercialiser la box sur toute la France ».

Histoire de faire vivre de belles fêtes d’anniversaire en famille aux parents et aux enfants…",
Reconversion : l’APEC lance sa soirée métiers dans la cité ,Se former,CCI Meurthe-et-Moselle,,nancy.cci.fr,51-53 rue Stanislas à Nancy,,,mercredi 10 décembre 2025,,"Matthieu est cadre technique dans l’audiovisuel. Vincent termine son master finance et Marie se questionne sur son avenir professionnel, après quinze années dans la vente. Les trois ne se connaissent pas mais partagent un point commun : celui de participer à la soirée « découverte métiers » pour cadres et jeunes diplômés, organisées par l’APEC (association pour l’emploi des cadres).

Reconduite pour la quatrième année à Strasbourg, cette rencontre est lancée pour la première fois à Nancy dans les locaux de la Chambre de commerce et d’industrie.

Cette idée part d’un double constat : le changement de carrière attire de plus en plus de cadres, mais seuls 8 % passent à l’action. Et la réalisation d’une enquête métiers, demandée à chaque candidat, n’est pas une démarche simple. D’où le principe de réunir, sur un même lieu, cadres et jeunes diplômés et de les inviter à rencontrer 30 ambassadeurs métiers.
Besançon - Procès Péchier : la réaction de l'avocat de Tedy

Please close pop-out player to resume playback.

« Nous avons mobilisé notre réseau et nos partenaires pour offrir une représentativité des demandes les plus récurrentes, comme la formation, l’immobilier, le commerce, l’environnement… », détaille Catherine Fayard de l’APAC.

Pendant trois heures, les 70 inscrits ont ainsi pu échanger, questionner et repartir la tête remplie de belles idées.
De l’intention à l’action

Après 45 minutes de questions, Matthieu affichait un bilan très positif de cette soirée : « Je suis venu anticiper un potentiel changement. Deux stands ont attiré mon attention : formation et communication. Je ne sais pas si je passerai le cap, mais c’est intéressant d’être en veille. Laisser mûrir et continuer à se questionner sera propice à de futures opportunités. »

Si l’intention au changement est un moteur pour nos trois visiteurs, la mise en action n’est pas automatique. « L’incertitude freine souvent la démarche, d’où le souhait de mobiliser notre expertise pour lever ses blocages », détaille la consultante développement professionnel à l’APEC. Cette soirée confirme le rôle clé de l’APEC dans l’accompagnement des transitions professionnelles et dans la sécurisation des parcours.",
MJC Lillebonne,Rencontrer,MJC Lillebonne,https://mjclillebonne.fr/activites-som/,03 83 36 82 82,14 rue du Cheval Blanc – 54000 Nancy,,,,,"UNE FOURMILIÈRE
D’ACTIVITÉS,
UN PROJET D’ÉDUCATION
POPULAIRE.
Équipement de loisirs et de culture implanté au sein d’un
remarquable ensemble architectural, composante du patrimoine
historique de la ville de Nancy, la MJC Lillebonne propose
à tous, enfants, adolescents, adultes, plus d’une centaine
d’activités.
Tout au long de l’année elle organise et accueille un
grand nombre de manifestations, expositions, conférences,
spectacles et accompagne également l’activité de nombreuses
associations.
Au-delà de la simple offre d’activités et de l’organisation
d’événements, la MJC Lillebonne est attentive à permettre aux
jeunes, comme aux adultes, de développer leur personnalité,
de prendre conscience de leurs aptitudes et de se préparer à
devenir les citoyens actifs et responsables d’une communauté
vivante.
Comme toutes les associations, elle est gérée par un conseil
d’administration composé d’adhérents élus lors de l’Assemblée
Générale qui se réunit une fois par an.
La MJC Lillebonne Saint Epvre est affiliée à la Fédération
Lorraine des MJC.
Elle est également membre de l’Union locale des MJC réunissant
les 6 MJC de Nancy : Bazin, Beauregard, Desforges, Haut du
lièvre, Lillebonne, Trois Maisons
Site internet de l’Union Locale des MJC de Nancy :",
Repair Café à Villers,Ecologiser,MJC Savine à Villers-lès-Nancy,https://mhdd.grandnancy.eu/actus-agenda/agenda/details-agenda?uuid=9cf27b54-4bfb-11ee-a51a-2dc944ed9ece,,"3 Bd des Essarts, 54600 Villers-lès-Nancy",,"Mercredis 26 novembre, 17 décembre, 28 janvier 2025",,,"Un aspirateur à bout de souffle ? Une cafetière en carafe ? Un grille-pain cuit ? Le réseau des Repair Cafés du Grand Nancy est la solution !

Lors des ateliers, des bricoleurs bénévoles proposent gracieusement leurs services pour réparer les objets du quotidien, avec l’aide de leurs propriétaires, car l’objectif est de réparer ensemble, d’apprendre et d’échanger, dans une ambiance conviviale.

L’entrée est libre ! ",
Repair Café à Essey-lès-Nancy,Ecologiser,Foyer Foch,https://mhdd.grandnancy.eu,,"Foyer Foch, 74 Avenue Foch, 54270 Essey-lès-Nancy",,"Jeudis 11 décembre, 8 janvier, 12 février",,,"Un atelier chaleureux au Foyer Foch où habitants et bénévoles se retrouvent pour réparer électroménager, objets du quotidien et luminaires. Ici, on apprend en faisant : guidé par des bricoleurs passionnés, chaque participant découvre comment diagnostiquer une panne, démonter un appareil et lui offrir une seconde vie. L’ambiance est simple, conviviale, centrée sur l’entraide et la réduction des déchets.",
Repair Café à Tomblaine,Ecologiser,Espace Jean Jaurès,https://mhdd.grandnancy.eu,,"Espace Jean Jaurès, Tomblaine",,Chaque mardi de 17h à 19h,,,"Un Repair Café hebdomadaire qui rassemble habitants, étudiants et bénévoles autour de la réparation d’objets du quotidien. Tous les mardis, l’espace Jean Jaurès devient un petit atelier collectif : tournevis, lampes, radios, vélos… chacun vient avec ce qu’il souhaite sauver. Les bénévoles prennent le temps d’expliquer, de montrer les gestes et de transmettre leur savoir-faire dans une ambiance détendue.",
Repair Café Nancy Les Abeilles,Ecologiser,Résidence Habitat Jeunes Les Abeilles,https://www.nancy.fr,,"Résidence Les Abeilles, 58 rue de la République, Nancy",,"Jeudis 23 jan, 27 fév, 27 mars, 24 avr, 22 mai, 26 juin",,,"Un Repair Café urbain et dynamique au sein de la Résidence Les Abeilles. Les ateliers en soirée attirent beaucoup de jeunes, curieux d’apprendre à réparer eux-mêmes leurs objets. On y traite principalement petit électroménager, lampes, objets déco et petits appareils. Un lieu idéal pour s’initier au bricolage, comprendre les bases de l'électronique et rencontrer d’autres habitants dans une ambiance conviviale.",
Repair Café à Saint-Max,Ecologiser,Centre Social Saint-Michel-Jericho (espace Champlain),https://mhdd.grandnancy.eu,,"Centre Social Saint-Michel-Jericho, 75 rue Alexandre 1er, Saint-Max",,"Samedis 20 déc, 17 jan, 21 fév",,,"Un Repair Café familial accueilli au Centre Social Saint-Michel-Jéricho. Les samedis matins, habitants du quartier et bénévoles se retrouvent pour remettre en état de petits appareils, outils ou objets cassés. L’objectif : apprendre ensemble, transmettre des compétences et éviter que des objets encore réparables ne finissent à la poubelle. Un moment simple, utile et chaleureux.",
Repair Café à Heillecourt,Ecologiser,Maison du Temps Libre,https://mhdd.grandnancy.eu,,"Maison du Temps Libre, 11 rue Gustave Lemaire, Heillecourt",,"Mercredis 10 déc, 14 jan, 11 fév",,,"À la Maison du Temps Libre, le Repair Café rassemble régulièrement des habitants désireux d’apprendre à réparer leurs objets. On y répare grille-pain, lampes, perceuses, mixers… avec l’aide de bénévoles expérimentés. C’est aussi un lieu d’échange où les participants prennent confiance en leurs capacités et découvrent l’importance du réemploi.",
Repair Café à Houdemont,Ecologiser,Pôle Associatif,https://mhdd.grandnancy.eu,,"Pôle Associatif, 12 bis rue des Saules, Houdemont",,"Mardis 16 déc, 20 jan",,,"Le Repair Café de Houdemont se tient au Pôle Associatif, où petits appareils, jouets, outils ou objets électriques trouvent une seconde chance. Les bénévoles accompagnent chaque réparation pas à pas et expliquent les bons gestes. Une initiative locale forte qui sensibilise au réemploi et à la lutte contre le gaspillage.",
Repair Café à Jarville-la-Malgrange,Ecologiser,Jarville-la-Malgrange,https://mhdd.grandnancy.eu,,Jarville-la-Malgrange,,"Mercredis 17 déc, 21 jan",,,"Un Repair Café de quartier où habitants et bénévoles s’entraident pour prolonger la vie des objets. L’ambiance est détendue et pédagogique : chacun peut venir avec un appareil en panne, apprendre à l’ouvrir, comprendre ce qui ne va pas et tenter une réparation guidée. Un moment utile et convivial.",
Repair Café à Laneuveville-devant-Nancy,Ecologiser,Laneuveville-devant-Nancy,https://mhdd.grandnancy.eu,,Laneuveville-devant-Nancy,,"Jeudis 4 déc, 8 jan, 5 fév",,,"Le Repair Café local accueille régulièrement les habitants pour réparer ensemble leurs objets du quotidien. On y apprend à diagnostiquer une panne simple, manipuler des outils en sécurité, et adopter les bons réflexes pour offrir une seconde vie à ce qui semblait perdu. Un geste écologique et collectif apprécié dans la commune.",
Repair Café à Ludres,Ecologiser,Ludres,https://mhdd.grandnancy.eu,,Ludres,,Mardi 2 déc,,,"Un Repair Café convivial où les bénévoles accompagnent les habitants dans la réparation de petits équipements domestiques. Les ateliers permettent à chacun de se familiariser avec les bases du bricolage et de l’électricité, dans un esprit de partage et de réduction des déchets.",
Repair Café à Pulnoy,Ecologiser,Centre de Rencontre,https://mhdd.grandnancy.eu,,"Centre de rencontre, avenue Léonard de Vinci (Résidences Vertes), Pulnoy",,"Lundis 1 déc, 2 mars, 1er juin",,,"Au Centre de Rencontre, le Repair Café propose des ateliers ouverts à tous : réparation d’appareils, petit bricolage, couture légère. Les participants viennent avec leurs objets cassés et repartent avec de nouvelles compétences et la satisfaction d’avoir évité un déchet supplémentaire.",
Repair Café à Saulxures-lès-Nancy,Ecologiser,Mairie de Saulxures-lès-Nancy,https://mhdd.grandnancy.eu,,"Mairie de Saulxures-lès-Nancy, 2 rue de Tomblaine",,"Lundis 6 fév, 4 mai, 5 oct",,,"Organisé à la Mairie, le Repair Café de Saulxures accueille habitants et bénévoles pour réparer ensemble toutes sortes d’objets. De la bouilloire à la lampe en passant par les jouets, chaque séance est une occasion d’apprendre, de transmettre et de réduire notre impact environnemental.",
Repair Café à Seichamps,Ecologiser,Seichamps,https://mhdd.grandnancy.eu,,Seichamps,,"Lundi 5 jan, mardi 7 avr, lundi 7 sept",,,"Un Repair Café de proximité où l’on apprend à réparer au lieu de jeter : petit électroménager, éclairage, petits appareils domestiques. Les bénévoles partagent leurs compétences, expliquent les gestes simples et encouragent chacun à devenir plus autonome face aux objets du quotidien.",
Repair Café à Vandœuvre-lès-Nancy,Ecologiser,MJC Lorraine,https://mhdd.grandnancy.eu,,"MJC Lorraine, 1 rue de Lorraine, Vandœuvre-lès-Nancy",,Lundis mensuels,,,"À la MJC Lorraine, le Repair Café attire bricoleurs confirmés et habitants curieux. Les ateliers sont rythmés et très vivants : un mélange de partage de compétences, de dépannage pratique et d’apprentissage collectif. On y traite une grande variété d’objets dans une ambiance chaleureuse.",
Repair Café du quartier 3B à Nancy,Ecologiser,MJC Beauregard,https://www.nancy.fr,,"MJC Beauregard, Place Maurice Ravel, Nancy",,"Samedis 6 déc, 10 jan, 7 fév",,,"À la MJC Beauregard, le Repair Café du quartier 3B est un rendez-vous local apprécié. Les habitants y amènent appareils en panne, outils, lampes ou objets divers. Soutenu par des bénévoles compétents, l’atelier met l’accent sur la transmission de savoir-faire et la réduction des déchets.",